attitudeX,attitudeY,attitudeZ,gyroX,gyroY,gyroZ,gravityX,gravityY,gravityZ,accX,accY,accZ
1.0166892053056318,0.12770036814688315,-0.8898413297756885,0.18717537820339203,-0.1608838438987732,-0.06694211810827255,0.06701143085956573,-0.8503705859184265,-0.5218996405601501,-0.05439239740371704,-0.006456136703491211,-0.019589006900787354
1.0181385944444528,0.12685031376491732,-0.8911857855461399,0.11272884160280228,-0.24471533298492432,-0.028869569301605225,0.06641177833080292,-0.851132333278656,-0.5207333564758301,-0.047780781984329224,-0.007616996765136719,-0.0014529228210449219
1.0188723394288124,0.12403426763510064,-0.8914076820291682,0.03452534228563309,-0.35951441526412964,0.0248231440782547,0.06486781686544418,-0.8515173196792603,-0.5202983021736145,-0.029497891664505005,0.0004736781120300293,0.020954430103302002
1.0189609041761112,0.1191118984227046,-0.8904983900318288,-0.020904626697301865,-0.4671095907688141,0.0700494796037674,0.062296994030475616,-0.8515637516975403,-0.5205366015434265,-0.006770223379135132,-0.002867400646209717,0.03834354877471924
1.018733445843421,0.11253746367388692,-0.8889419571533053,-0.03702652081847191,-0.5805798172950745,0.08621314913034439,0.05889519304037094,-0.8514444828033447,-0.5211273431777954,0.005603760480880737,-0.015834569931030273,0.03655397891998291
1.0185261857214027,0.10478111005963887,-0.8871396465923234,-0.021063266322016716,-0.6540159583091736,0.09556271135807037,0.05486986041069031,-0.8513357639312744,-0.521743893623352,0.00514298677444458,-0.02541893720626831,0.01235973834991455
1.018620289843623,0.0963488467942586,-0.8852568279727797,0.019064808264374733,-0.7072051167488098,0.09881999343633652,0.050460778176784515,-0.8513851165771484,-0.5221083760261536,0.006774961948394775,-0.027627885341644287,-0.013826131820678711
1.0191138904475168,0.08744391930514113,-0.8835072218851546,0.06583018600940704,-0.7675832509994507,0.08992103487253189,0.045772794634103775,-0.8516439199447632,-0.5221182703971863,0.004459168761968613,-0.029566466808319092,-0.026969075202941895
1.0201263884757146,0.07831715840918381,-0.8821026265806848,0.12384457141160965,-0.8158566355705261,0.06928621977567673,0.04093822091817856,-0.8521741628646851,-0.5216543674468994,0.0020152926445007324,-0.030439913272857666,-0.027601003646850586
1.0217143105861561,0.06918700222287416,-0.8812565218151311,0.18643257021903992,-0.8544074892997742,0.039719801396131516,0.036080196499824524,-0.853003978729248,-0.5206556916236877,-0.00490647554397583,-0.028450429439544678,-0.042210519313812256
1.0239652312251404,0.060577705326933504,-0.8811036346551677,0.2618723213672638,-0.8267732858657837,0.007183483801782131,0.03148011118173599,-0.8541765809059143,-0.5190291404724121,-0.018204931169748306,-0.027216732501983643,-0.058149755001068115
1.027007738894378,0.05311383634023464,-0.8817659262808308,0.342708021402359,-0.7902575731277466,-0.042338527739048004,0.027467215433716774,-0.8557546734809875,-0.5166522264480591,-0.023667722940444946,-0.018512845039367676,-0.06945312023162842
1.0306575716996702,0.04630731340981336,-0.8835253316745884,0.38882777094841003,-0.8874753713607788,-0.10278836637735367,0.02380525879561901,-0.857637345790863,-0.5137037634849548,-0.019853174686431885,-0.0033702850341796875,-0.07237106561660767
1.0346631879068249,0.039628835167316384,-0.8866730224743259,0.41828927397727966,-0.980263888835907,-0.18629337847232819,0.020237721502780914,-0.8596903681755066,-0.5104143619537354,-0.013569595292210579,-0.002248048782348633,-0.04666870832443237
1.0388027283645496,0.03346144336676108,-0.8912566271415995,0.4211546778678894,-1.0247660875320435,-0.24339912831783295,0.016970226541161537,-0.8617975115776062,-0.5069683194160461,-0.017351657152175903,0.0035517215728759766,-0.015950322151184082
1.0429768882762807,0.027702439768489285,-0.8964500814176015,0.42683175206184387,-1.0151838064193726,-0.24863730370998383,0.013950567692518234,-0.8639073371887207,-0.5034574270248413,0.03966885805130005,-0.012557387351989746,-0.025473296642303467
1.0472043736768288,0.021812732035560816,-0.9014834696265128,0.43000033497810364,-1.029969573020935,-0.23114733397960663,0.010905368253588676,-0.8660287857055664,-0.49987494945526123,0.06306928396224976,-0.025099575519561768,-0.025118917226791382
1.0515478586276348,0.015238434613189236,-0.9059587915254828,0.4481026232242584,-1.0507627725601196,-0.19536563754081726,0.0075614419765770435,-0.8681923747062683,-0.49617016315460205,0.07720118761062622,-0.014253854751586914,-0.03184497356414795
1.05618523050275,0.007916166857563595,-0.9095375692916097,0.48259633779525757,-1.01753568649292,-0.14661464095115662,0.0038962680846452713,-0.8704842329025269,-0.4921809732913971,0.09844449162483215,0.0061348676681518555,-0.05010116100311279
1.0612711288146863,0.00032586578675960164,-0.9118841036509034,0.5307023525238037,-0.8955584168434143,-0.07769470661878586,0.0001589452294865623,-0.8729761838912964,-0.48776283860206604,0.1282743513584137,0.024282395839691162,-0.07673609256744385
1.0668370537736838,-0.0067423619702874,-0.9126341904645027,0.578140914440155,-0.6139195561408997,0.003881143406033516,-0.0032558373641222715,-0.8756775259971619,-0.4828853905200958,0.1652432084083557,0.03279733657836914,-0.10808753967285156
1.0727485445890188,-0.01180943380973429,-0.9116134524069371,0.5977276563644409,-0.22468499839305878,0.07888960838317871,-0.0056413691490888596,-0.8785168528556824,-0.4776780307292938,0.20174738764762878,0.03067755699157715,-0.14140158891677856
1.0785778775580603,-0.014609242685294642,-0.9094185402003129,0.5625784397125244,0.0390385203063488,0.10772861540317535,-0.006903821136802435,-0.88128662109375,-0.47253167629241943,0.23903584480285645,0.021041929721832275,-0.17158758640289307
1.0839088054620682,-0.015414299165279102,-0.906903479636794,0.5015454292297363,0.23721204698085785,0.11137634515762329,-0.0072117154486477375,-0.8837934136390686,-0.46782174706459045,0.2593480050563812,-0.002803206443786621,-0.12241876125335693
1.0886017904450538,-0.014911603662138907,-0.9041120310198733,0.43777140974998474,0.34307730197906494,0.136231929063797,-0.006914618890732527,-0.885979413986206,-0.4636728763580322,0.2989526391029358,-0.045951008796691895,-0.09255573153495789
1.0928122749558915,-0.014330337275306727,-0.9004732849720924,0.4139278531074524,0.41695234179496765,0.18687167763710022,-0.006591584999114275,-0.8879240155220032,-0.45994266867637634,0.38258346915245056,-0.09689337015151978,-0.10328975319862366
1.0971064859113735,-0.014290113790006822,-0.8958995588564631,0.4563515782356262,0.3667603135108948,0.21103903651237488,-0.006518538109958172,-0.8898911476135254,-0.4561261534690857,0.4902374744415283,-0.16240060329437256,-0.12218192219734192
1.1022909709309763,-0.015947057323385472,-0.8912368660122597,0.5967100262641907,0.11755499988794327,0.192987322807312,-0.007200636900961399,-0.8922442197799683,-0.45149561762809753,0.6179642081260681,-0.26009947061538696,-0.19183018803596497
1.109405769596945,-0.01997839574714076,-0.8868932130225732,0.8405508399009705,-0.1289355307817459,0.1732998490333557,-0.008893661201000214,-0.8954343199729919,-0.445104718208313,0.7973458766937256,-0.3953523635864258,-0.2245577573776245
1.119498412172837,-0.025376037897630727,-0.8827785180791651,1.1920154094696045,-0.1814384162425995,0.13212178647518158,-0.011066162958741188,-0.8998817801475525,-0.435993492603302,0.9638402462005615,-0.52628093957901,-0.26478177309036255
1.133585785922974,-0.028626855396525114,-0.8806778462249616,1.618979811668396,-0.08420191705226898,-0.04524975270032883,-0.012119355611503124,-0.9059363007545471,-0.4232405126094818,1.0706979036331177,-0.5792931318283081,-0.3065721094608307
1.1517978759773742,-0.026744951307002145,-0.8833078220471049,1.99360990524292,-0.030553074553608894,-0.26367664337158203,-0.01087977271527052,-0.9134968519210815,-0.4067002534866333,1.0933077335357666,-0.5837870836257935,-0.2639235854148865
1.1734446516927508,-0.02041594867607092,-0.8908142013883561,2.2972946166992188,-0.09758725762367249,-0.427685409784317,-0.007899966090917587,-0.9220890402793884,-0.3868969678878784,1.1167256832122803,-0.5910181403160095,-0.12788879871368408
1.197814602935834,-0.010109183565749828,-0.903716426863089,2.53532075881958,-0.2384551614522934,-0.6268957257270813,-0.0036836599465459585,-0.931244969367981,-0.3643750846385956,1.1763521432876587,-0.5877826809883118,0.03376290202140808
1.2241648571156973,0.007918664914914277,-0.9259017895335744,2.709167957305908,-0.2898690104484558,-0.9537741541862488,0.00269019091501832,-0.9405224323272705,-0.3397207260131836,1.21576988697052,-0.6002184152603149,0.20544341206550598
1.2516677748982594,0.04153721717686516,-0.9643454718401022,2.826131582260132,-0.26355886459350586,-1.4347010850906372,0.01302809827029705,-0.9495092034339905,-0.31346839666366577,1.2871123552322388,-0.5813592672348022,0.409385085105896
1.2791511135158817,0.09875557888438445,-1.0278300649814864,2.901733875274658,-0.44707196950912476,-1.9707565307617188,0.028348853811621666,-0.9577721357345581,-0.286126971244812,1.3776265382766724,-0.5012426376342773,0.632135272026062
1.3052506940268722,0.18215790781208707,-1.1224681069155757,2.9658944606781006,-1.1498860120773315,-2.4053494930267334,0.04754071310162544,-0.9649494290351868,-0.2580932080745697,1.4487667083740234,-0.33976835012435913,0.8653320074081421
1.3284859165357508,0.2847552910952885,-1.2475557705785907,2.9994516372680664,-2.6922755241394043,-2.55859637260437,0.06740622222423553,-0.9707862138748169,-0.23028336465358734,1.5123820304870605,-0.09459763765335083,1.1305519342422485
1.3490839758154796,0.3936001188127801,-1.3964517730332442,3.1116092205047607,-4.404456615447998,-2.471914291381836,0.08433526754379272,-0.9755223393440247,-0.20308558642864227,1.6102906465530396,0.17739617824554443,1.3674684762954712
1.3675178682685323,0.5015903299864382,-1.5590057963013495,3.1661453247070312,-5.701611042022705,-2.030085563659668,0.09706879407167435,-0.9794099926948547,-0.17701356112957,1.7544021606445312,0.47980666160583496,1.395443081855774
1.3871292373147297,0.5956502138288431,-1.7186372093059417,3.378504514694214,-6.7563042640686035,-1.0881412029266357,0.10246753692626953,-0.983180582523346,-0.1511833369731903,1.735651969909668,0.8775593042373657,1.2701407670974731
1.413675876829722,0.6632375575327131,-1.8614466409112744,3.75635027885437,-7.820115566253662,0.3592434823513031,0.09633664786815643,-0.9876819252967834,-0.12330211699008942,1.5474469661712646,1.3234822750091553,1.1174120903015137
1.4528309964277053,0.69099458917312,-1.9732832859576486,4.274697303771973,-8.668402671813965,2.170201539993286,0.07500501722097397,-0.9930501580238342,-0.09069425612688065,1.384971261024475,1.6244590282440186,0.9287068843841553
1.5080627052363909,0.6530545903380813,-2.0239676442320467,4.937169551849365,-8.834684371948242,3.9253323078155518,0.03809221461415291,-0.9980328679084778,-0.04979143291711807,0.9868865013122559,1.7925124168395996,0.7172260880470276
1.5604673851969317,-1.6996339710767825,0.24337109040457364,5.4591875076293945,-8.108742713928223,5.220427513122559,-0.01023032609373331,-0.999946653842926,0.0013253927463665605,0.2266457974910736,1.8913500308990479,0.5692616701126099
1.4829920154962282,-2.3050167812073603,0.774815950782066,5.364333629608154,-6.581029891967773,6.139144420623779,-0.06509724259376526,-0.9961476922035217,0.05875331535935402,-0.9038815498352051,1.9201438426971436,0.5091787576675415
1.401368259116811,-2.31074493822196,0.7235397485326898,4.544396877288818,-4.663820266723633,6.722719192504883,-0.12452537566423416,-0.9856813549995422,0.11369108408689499,-2.156450033187866,1.7198885679244995,0.5678120851516724
1.3245472547408652,-2.2767533298671685,0.6503694200905248,3.323073148727417,-2.8998255729675293,6.671811580657959,-0.18550501763820648,-0.9698336124420166,0.15814730525016785,-3.1409566402435303,1.2138826847076416,0.7446845769882202
1.2582133724726743,-2.2340331890266785,0.5812956533022361,2.12981915473938,-1.909844994544983,5.885707378387451,-0.24232473969459534,-0.9515424370765686,0.18932941555976868,-3.9415435791015625,0.6097303628921509,0.9567123651504517
1.2079047643531826,-2.1993284298936575,0.5281015562432926,1.1259468793869019,-1.1434422731399536,4.103898525238037,-0.2871394455432892,-0.9348742961883545,0.20871272683143616,-4.801681995391846,0.09905886650085449,1.0711638927459717
1.1817629193919443,-2.1776769520774306,0.4980651337353476,0.07211138308048248,-0.07841567695140839,1.3242789506912231,-0.311564177274704,-0.9252761006355286,0.21631458401679993,-5.5236711502075195,-0.4811112880706787,0.9547516107559204
1.1863531034617012,-2.164589011088944,0.4899694808464265,-1.109553575515747,1.2223738431930542,-1.7197999954223633,-0.3108447194099426,-0.9270073771476746,0.20983965694904327,-5.785377025604248,-0.9726507663726807,0.7219535112380981
1.2191970912681913,-2.15476475740721,0.5004661003678548,-1.7901291847229004,2.6714401245117188,-3.992060661315918,-0.2873256504535675,-0.9388231635093689,0.1898806244134903,-5.421368598937988,-0.9482921361923218,0.5934749841690063
1.2671999888552403,-2.1536841986788473,0.5331234109905113,-1.6427478790283203,3.603847026824951,-4.970671653747559,-0.2495892494916916,-0.9542675018310547,0.1645551323890686,-4.551588535308838,-0.37208735942840576,0.44446873664855957
1.3149267158785505,-2.173132167489018,0.5918650565582173,-0.9497451782226562,3.6802468299865723,-4.559807777404785,-0.20854686200618744,-0.967443585395813,0.14339086413383484,-3.2403361797332764,0.41234421730041504,0.11033223569393158
1.3500607777527802,-2.2166000142890177,0.6715402327436648,-0.08617683500051498,3.0217015743255615,-3.2479636669158936,-0.17485514283180237,-0.975736677646637,0.1317715346813202,-1.876063346862793,0.8637981414794922,-0.06353424489498138
1.3684621835935946,-2.2759933759772553,0.7590329072498537,0.5909515619277954,2.2408838272094727,-1.959850788116455,-0.15302549302577972,-0.979600191116333,0.13025708496570587,-0.9921008348464966,1.0290995836257935,-0.041176289319992065
1.3753613172873098,-2.334612515780068,0.8400423167865013,0.8003309965133667,1.961562156677246,-1.2667899131774902,-0.14024624228477478,-0.9809632897377014,0.13431964814662933,-0.6880617737770081,1.2043368816375732,0.05667446553707123
1.3777890137659752,-2.380785006036135,0.9073181419050111,0.6438378095626831,2.0319325923919678,-0.9342849850654602,-0.13225455582141876,-0.9814318418502808,0.13892433047294617,-0.7104120254516602,1.2024860382080078,0.28116536140441895
1.3797899454601994,-2.406732559142752,0.9563668353411654,0.3251582682132721,2.4310100078582764,-0.7175460457801819,-0.12728914618492126,-0.9818136692047119,0.14085203409194946,-0.7714687585830688,1.0555593967437744,0.4485795497894287
1.3828056537991427,-2.4106273242566907,0.9878526632285118,0.023038625717163086,2.951869010925293,-0.5749295353889465,-0.12476228922605515,-0.9823817610740662,0.1391415297985077,-0.7146389484405518,0.9620265960693359,0.5110964775085449
1.386919411176777,-2.395632567291753,1.0050736894721122,-0.18757079541683197,3.400449752807617,-0.4456755816936493,-0.12409016489982605,-0.9831421971321106,0.13428528606891632,-0.5500583648681641,0.9082828164100647,0.48897504806518555
1.391148204159171,-2.365756198762304,1.0110966328844864,-0.2528400719165802,3.7131075859069824,-0.2956775724887848,-0.12513360381126404,-0.983906626701355,0.12754975259304047,-0.3933599591255188,0.8397417664527893,0.4476912021636963
1.3943409167951264,-2.32803354184817,1.0111546722306153,-0.17872251570224762,3.7856757640838623,-0.1675252616405487,-0.12757131457328796,-0.9844720959663391,0.12058125436306,-0.20122502744197845,0.7625331878662109,0.40262722969055176
1.3958696057475057,-2.289645069422454,1.0103988126296697,-0.040976110845804214,3.7121384143829346,-0.03659467026591301,-0.13097254931926727,-0.9847393035888672,0.11460530757904053,0.01579926908016205,0.665846049785614,0.3558993339538574
1.395147590022553,-2.251269897214364,1.0088190658280154,0.08697594702243805,3.630908966064453,0.1941704899072647,-0.13582609593868256,-0.9846133589744568,0.10994374006986618,0.18379978835582733,0.5589390397071838,0.34466123580932617
1.3914268519233601,-2.208207319136675,1.0016576958100418,0.15888796746730804,3.5370543003082275,0.558306872844696,-0.14337655901908875,-0.9839563965797424,0.10617426782846451,0.3908589482307434,0.4639064073562622,0.3480492830276489
1.3840196818807664,-2.1565449388615314,0.9841181817056877,0.16094768047332764,3.303152322769165,1.0194777250289917,-0.1547369360923767,-0.982607901096344,0.10265491902828217,0.6481146812438965,0.32696831226348877,0.3517059087753296
1.3725088128958516,-2.096465334064378,0.9548602341095812,0.09439820051193237,2.936394691467285,1.5100733041763306,-0.1703944057226181,-0.980405330657959,0.09884815663099289,0.8972774147987366,0.12334978580474854,0.37693607807159424
1.3569917952379933,-2.031209603180725,0.9165311064123933,-0.008312219753861427,2.611084222793579,1.9351489543914795,-0.19008466601371765,-0.9772307276725769,0.09427507221698761,1.05599045753479,-0.06854557991027832,0.43137478828430176
1.3385057494887571,-1.965349899197282,0.8748175676718569,-0.14139942824840546,2.4282610416412354,2.1339664459228516,-0.2125198245048523,-0.9731416702270508,0.08849068731069565,1.0733139514923096,-0.18175029754638672,0.46663928031921387
1.3187826949165942,-1.9038295317722138,0.8363342000330961,-0.1581226885318756,2.3963100910186768,2.1722381114959717,-0.23565322160720825,-0.9684122800827026,0.0815165713429451,0.971523642539978,-0.2675189971923828,0.4790760278701782
1.2989036428797531,-1.851828952840529,0.8070725802548314,-0.08472038060426712,2.315255641937256,2.033604621887207,-0.25801882147789,-0.9632643461227417,0.0744829848408699,0.8289875984191895,-0.3197402358055115,0.4431561231613159
1.2807332214496392,-1.8098755888561975,0.7869011943408808,-0.06790640950202942,2.193542003631592,1.7378848791122437,-0.2778773903846741,-0.9582258462905884,0.0677301287651062,0.7169338464736938,-0.41384440660476685,0.381885290145874
1.2655910116231954,-1.7739228002608365,0.7719767259824868,-0.12954899668693542,2.120760202407837,1.393818736076355,-0.29431089758872986,-0.9537853002548218,0.06061835214495659,0.6159356832504272,-0.5709338784217834,0.41965198516845703
1.2536806889819554,-1.7405825485548592,0.7586016718437194,-0.23602797091007233,1.9794108867645264,1.101017951965332,-0.30734357237815857,-0.9501388072967529,0.05268998444080353,0.5904399156570435,-0.7051499485969543,0.4849381446838379
1.2441063437080775,-1.7078803597801608,0.7442909028100902,-0.369957834482193,1.829725742340088,0.9401156902313232,-0.3178994059562683,-0.9471097588539124,0.04385397955775261,0.5759255886077881,-0.7562136650085449,0.5353085994720459
1.2354983712411707,-1.6740969514823474,0.7269942655380128,-0.5370627641677856,1.6415778398513794,0.9101406931877136,-0.3272963762283325,-0.944312334060669,0.0339306965470314,0.6352493762969971,-0.789879560470581,0.570530891418457
1.2266173897819013,-1.6394837269283886,0.7066097018479116,-0.6478363871574402,1.422683596611023,0.9738730788230896,-0.33662837743759155,-0.9413528442382812,0.023158559575676918,0.7098126411437988,-0.8383713960647583,0.5840039253234863
1.216770998248211,-1.6067231734561485,0.6854880278216826,-0.6834449172019958,1.1414759159088135,1.0563966035842896,-0.3464522361755371,-0.937984824180603,0.012452294118702412,0.7284408211708069,-0.8497194647789001,0.559767484664917
1.2061208719583936,-1.57790850850387,0.6652355336825306,-0.6838619709014893,0.8275228142738342,1.0785343647003174,-0.3566368818283081,-0.9342395663261414,0.0025365089531987906,0.7171257734298706,-0.8411662578582764,0.512462854385376
1.1958515957013802,-1.5543739210765486,0.6473459011709968,-0.604554295539856,0.5445776581764221,0.9367085099220276,-0.36617186665534973,-0.9305278658866882,-0.006013963371515274,0.6711035370826721,-0.852476954460144,0.4719104766845703
1.187899195357885,-1.537059503466699,0.6335117000140952,-0.44308894872665405,0.3610389828681946,0.5971333980560303,-0.37339654564857483,-0.9275861382484436,-0.012601994909346104,0.5573108196258545,-0.8863633871078491,0.39369022846221924
1.184286851585756,-1.5263012692437292,0.6249635593329209,-0.21788054704666138,0.19604787230491638,0.0807521864771843,-0.3765842020511627,-0.9262304902076721,-0.01676720194518566,0.4055302143096924,-0.9154441356658936,0.28924310207366943
1.186333119408468,-1.5228411554659274,0.6220859852791643,0.019715504720807076,-0.04280838370323181,-0.4996435344219208,-0.37462976574897766,-0.9269998669624329,-0.017979219555854797,0.3047294020652771,-0.9453906416893005,0.19798707962036133
1.1941672102697398,-1.5265283984961118,0.6244972780603731,0.22224199771881104,-0.23006829619407654,-1.0389546155929565,-0.3674275875091553,-0.9299097061157227,-0.016275892034173012,0.28245145082473755,-0.9352025985717773,0.14150476455688477
1.2068554799268165,-1.5353084316725634,0.6311542195766494,0.34685370326042175,-0.26435595750808716,-1.4487311840057373,-0.35573509335517883,-0.9345012903213501,-0.01262959185987711,0.322562575340271,-0.8635942339897156,0.11049938201904297
1.2229026520058748,-1.5462379367738746,0.6405309464043991,0.3930448889732361,-0.14512905478477478,-1.7097442150115967,-0.3408152461051941,-0.9400928616523743,-0.008371557109057903,0.39094051718711853,-0.7382822632789612,0.09659785032272339
1.2407782239892693,-1.5569815755349896,0.6513985423463916,0.39144086837768555,0.05211103707551956,-1.8204240798950195,-0.3240286409854889,-0.9460364580154419,-0.004476659931242466,0.47322922945022583,-0.5854727029800415,0.09792149066925049
1.2589568919464293,-1.5669112190393264,0.6634077090368016,0.4008762538433075,0.2314596176147461,-1.779052495956421,-0.3068074584007263,-0.9517708420753479,-0.0011919861426576972,0.5767508149147034,-0.4342460036277771,0.11291682720184326
1.2760900529688026,-1.5779991712746513,0.6778849884289844,0.46330419182777405,0.2897290289402008,-1.6286303997039795,-0.29045119881629944,-0.9568874835968018,0.002092110924422741,0.7076113224029541,-0.31566500663757324,0.1259138584136963
1.2914232683319768,-1.594396017392593,0.6977161009133845,0.6209482550621033,0.22751933336257935,-1.4445205926895142,-0.27567586302757263,-0.9612284898757935,0.006507073063403368,0.838664174079895,-0.24915951490402222,0.12888407707214355
1.3047784818239945,-1.6215788654040524,0.7276220478107878,0.8924588561058044,0.07859829068183899,-1.2794616222381592,-0.262552410364151,-0.9648253917694092,0.01334455143660307,0.9316198825836182,-0.21872246265411377,0.1426154375076294
1.3163129065176071,-1.6646953466960583,0.7717449440681388,1.2006977796554565,-0.18130452930927277,-1.1950441598892212,-0.2506362497806549,-0.9677934646606445,0.023603910580277443,1.023829698562622,-0.22504699230194092,0.1770491600036621
1.3266464812265626,-1.726442907630835,0.8326530868893072,1.5163079500198364,-0.3150476813316345,-1.2376525402069092,-0.2388087809085846,-0.9703431725502014,0.037472862750291824,1.0996487140655518,-0.26097995042800903,0.23056292533874512
1.3362682572996827,-1.8067272865994315,0.9131182613440966,1.8363711833953857,-0.06485993415117264,-1.3881316184997559,-0.2259456366300583,-0.9726241230964661,0.054319195449352264,1.1615993976593018,-0.2857527732849121,0.30919086933135986
1.3448255629923245,-1.9038399787428444,1.0139405439770837,2.0686001777648926,0.25755858421325684,-1.5263009071350098,-0.211741104722023,-0.9745770692825317,0.07324742525815964,1.2804820537567139,-0.286668598651886,0.41517114639282227
1.351322503931227,-2.012634174559615,1.1290524142545566,2.102872133255005,0.4177008271217346,-1.5652480125427246,-0.19680850207805634,-0.9760121703147888,0.09309586137533188,1.4678962230682373,-0.26777762174606323,0.5863169431686401
1.3552166973444948,-2.120837322870853,1.2439038055665392,1.8218865394592285,0.3158991038799286,-1.4434778690338135,-0.1823621392250061,-0.9768525958061218,0.11181746423244476,1.6920820474624634,-0.19511401653289795,0.8749377727508545
1.357508347465127,-2.210331626159505,1.3361703439636337,1.1144403219223022,-0.24154973030090332,-1.091292381286621,-0.16984185576438904,-0.9773402214050293,0.12633207440376282,1.928768277168274,-0.08267253637313843,1.2562973499298096
1.3600030822548501,-2.263056204203644,1.3827854242660664,0.08856451511383057,-1.2441819906234741,-0.4770630896091461,-0.1610707938671112,-0.9778652191162109,0.13355062901973724,2.1265554428100586,0.04143333435058594,1.6643009185791016
1.363936765704389,-2.2680639906220605,1.367760498437949,-1.0700035095214844,-2.7385544776916504,0.2883358597755432,-0.1574503481388092,-0.9786807298660278,0.1318848729133606,2.2691142559051514,0.16853046417236328,1.9920774698257446
1.3685625437724096,-2.2231665590402696,1.2845641075824152,-2.10422420501709,-4.5848822593688965,1.1008855104446411,-0.15961085259914398,-0.9796203374862671,0.12193489074707031,2.2673685550689697,0.34093332290649414,2.1405467987060547
1.3704562448585884,-2.1366475644261707,1.139184625293772,-2.8016464710235596,-6.564072132110596,1.897024393081665,-0.1679839938879013,-0.9799989461898804,0.10669180750846863,2.059967041015625,0.5585818290710449,2.049954891204834
1.3650474798777152,-2.031854980974415,0.9555770780021874,-3.029691219329834,-8.344478607177734,2.6514053344726562,-0.18296721577644348,-0.9789082407951355,0.0908922553062439,1.6568747758865356,0.8119314312934875,1.7384533882141113
1.3493639609121828,-1.9419699314047256,0.77140143730394,-2.7597270011901855,-9.529826164245605,3.322690725326538,-0.20467033982276917,-0.9755838513374329,0.07966054975986481,1.0658917427062988,1.1151103973388672,1.2702081203460693
1.323301249759271,-1.8922031899424552,0.6196264448333588,-2.0353057384490967,-9.856596946716309,3.9264588356018066,-0.23243160545825958,-0.9695290923118591,0.0773884505033493,0.39400696754455566,1.4523781538009644,0.7496683597564697
1.287580960099258,-1.8836951297840963,0.5119508110564365,-1.0698305368423462,-8.988518714904785,4.592941761016846,-0.2658758759498596,-0.9601618647575378,0.08601795881986618,-0.3052452504634857,1.7765376567840576,0.20563840866088867
1.2423309240236884,-1.8966758208452967,0.4418832111137512,-0.07780788093805313,-6.780889511108398,5.287023544311523,-0.3056122362613678,-0.946538507938385,0.10327474772930145,-1.00948166847229,2.0419976711273193,-0.3322634696960449
1.1875650992891729,-1.9111258640070543,0.39905106505917226,0.8455389738082886,-4.166283130645752,5.986370086669922,-0.3524726331233978,-0.9274612665176392,0.1248132660984993,-1.7810873985290527,2.153245687484741,-0.774151086807251
1.1250708610907727,-1.9224178802624818,0.3759485962465407,1.6175438165664673,-2.4648237228393555,6.308748245239258,-0.40473473072052,-0.9022981524467468,0.14848390221595764,-2.5947158336639404,2.097382068634033,-0.9310767650604248
1.0600774705693186,-1.9367158656302486,0.3664937374475733,2.065955400466919,-2.2478015422821045,6.045159816741943,-0.45644304156303406,-0.8723933696746826,0.17489811778068542,-3.4355247020721436,1.7921322584152222,-0.7348499298095703
0.9993990319400002,-1.9627799370034982,0.36782647757955206,2.5610671043395996,-2.705825090408325,5.06341552734375,-0.49978893995285034,-0.8411461114883423,0.20660054683685303,-4.349041938781738,1.2395074367523193,-0.41480687260627747
0.9511340445834797,-2.0035993602395443,0.38461570066069,2.96844744682312,-2.5750772953033447,2.8451499938964844,-0.5272102355957031,-0.8140746355056763,0.2435806393623352,-5.279567718505859,0.7055695056915283,-0.25001993775367737
0.926462720629886,-2.0535051926228265,0.41858997742261816,2.6765291690826416,-1.8553966283798218,-0.2559451758861542,-0.5320339798927307,-0.7995002269744873,0.2788170874118805,-5.872873306274414,0.22346574068069458,-0.25910285115242004
0.9316886905422183,-2.1027498704862935,0.46524437591917,1.6329771280288696,-0.40509727597236633,-3.2949962615966797,-0.5140565037727356,-0.8026283383369446,0.3025449812412262,-5.94327974319458,-0.18005287647247314,-0.12534475326538086
0.9643166376016695,-2.1421463063167785,0.5208757566048356,0.4826848804950714,1.5437853336334229,-5.48087215423584,-0.4794497489929199,-0.8216596245765686,0.30822616815567017,-5.293941974639893,-0.1504778265953064,0.10794186592102051
1.0137562415016335,-2.1708984265798987,0.5826461131922414,-0.2198830544948578,2.8967742919921875,-6.286255359649658,-0.43630480766296387,-0.8488236665725708,0.2985575795173645,-4.0925188064575195,0.3230209946632385,0.2541920244693756
1.0657157021223287,-2.193837804287251,0.646527261725892,-0.39099860191345215,3.4065163135528564,-5.759206295013428,-0.3929608166217804,-0.8751354813575745,0.2823465168476105,-2.719770908355713,0.9224835634231567,0.29179584980010986
1.1090142454557907,-2.2145609934688304,0.7069267294614396,-0.17248328030109406,3.0239758491516113,-4.4500298500061035,-0.3563649356365204,-0.8952599167823792,0.2674204707145691,-1.5456125736236572,1.3566704988479614,0.22862744331359863
1.1387752827234068,-2.2361510083562424,0.7597724082764038,0.18433476984500885,2.1626343727111816,-3.059725761413574,-0.3293955326080322,-0.9081214070320129,0.25848352909088135,-0.7128406763076782,1.4565072059631348,0.2030489146709442
1.1563711416744797,-2.2600872220581674,0.8058075909775267,0.5449602603912354,1.489443302154541,-2.1065564155578613,-0.3107346296310425,-0.9153479337692261,0.25609028339385986,-0.31994158029556274,1.3509862422943115,0.19460847973823547
1.1663486384993864,-2.2861471368406394,0.8491082886024596,0.7723958492279053,1.2942391633987427,-1.6917552947998047,-0.29704704880714417,-0.9193198680877686,0.25809693336486816,-0.30622437596321106,1.226921796798706,0.17494750022888184
1.173403212829091,-2.313130665706838,0.8933530427435529,0.8416815400123596,1.4835693836212158,-1.6938977241516113,-0.2851889729499817,-0.9220730066299438,0.2616264224052429,-0.48347240686416626,1.1427152156829834,0.16828987002372742
1.1808481528032102,-2.3412024127830073,0.9416162645589453,0.8191251158714294,1.8032588958740234,-1.93537175655365,-0.27279919385910034,-0.9249287843704224,0.2647397518157959,-0.6235629916191101,1.0147573947906494,0.16786202788352966
1.1899858405445176,-2.3718687598770587,0.9957665969268036,0.7561286687850952,2.075934410095215,-2.2195301055908203,-0.2586606442928314,-0.9283636808395386,0.26689907908439636,-0.6562257409095764,0.8507424592971802,0.19037622213363647
1.2006502162833288,-2.4054419039955817,1.0555113728638954,0.6869336366653442,2.306610107421875,-2.409649610519409,-0.24289436638355255,-0.9322745203971863,0.26807883381843567,-0.6108652949333191,0.7535331845283508,0.22137722373008728
1.2116625914048509,-2.4414765577586155,1.1198977817262765,0.6784746050834656,2.4984078407287598,-2.463576078414917,-0.22644954919815063,-0.9362016320228577,0.26878705620765686,-0.4686491787433624,0.7298420667648315,0.2485010027885437
1.221694851834731,-2.478294677884242,1.186652695460821,0.6717567443847656,2.6389424800872803,-2.3614251613616943,-0.21060870587825775,-0.9396804571151733,0.2695263624191284,-0.24773474037647247,0.7200302481651306,0.23633286356925964
1.2301701363243884,-2.5122201306751464,1.251810091849151,0.6227437853813171,2.8350813388824463,-2.154412031173706,-0.19665026664733887,-0.9425456523895264,0.2700668275356293,-0.04749029874801636,0.6822613477706909,0.2237074375152588
1.2369725197177457,-2.539545566784088,1.3123663346342125,0.5788362622261047,3.105194568634033,-1.8862932920455933,-0.18556265532970428,-0.9447963237762451,0.2700482904911041,0.13015808165073395,0.5956296324729919,0.2515275180339813
1.2418379173193093,-2.558675688017293,1.3666554815421588,0.598073422908783,3.2946419715881348,-1.5792934894561768,-0.1778302788734436,-0.9463793635368347,0.26970726251602173,0.34227436780929565,0.4337605834007263,0.2734902501106262
1.2442777528870894,-2.5725512821918555,1.4163257744831654,0.7428743243217468,3.2921042442321777,-1.3735363483428955,-0.17282651364803314,-0.9471647143363953,0.270203173160553,0.5479028820991516,0.23172599077224731,0.26937803626060486
1.2444895406550442,-2.5851141840570824,1.463806722406499,0.8168593645095825,3.161797046661377,-1.2122918367385864,-0.16931262612342834,-0.9472326636314392,0.2721829116344452,0.6527416706085205,0.029935359954833984,0.2502779960632324
1.243585571961389,-2.5934321385103893,1.505506226153823,0.720879852771759,3.0592598915100098,-0.955291748046875,-0.1674884408712387,-0.9469425082206726,0.27431169152259827,0.6644673347473145,-0.006090641021728516,0.3126937747001648
1.2424639942974105,-2.593318481289447,1.537273549753715,0.5206788778305054,2.946972131729126,-0.6807235479354858,-0.16807329654693604,-0.9465814232826233,0.2751992344856262,0.6719185709953308,0.04403948783874512,0.4823842942714691
1.2423577433681172,-2.5850366980323454,1.5587379583000047,0.20295679569244385,2.7432892322540283,-0.49571746587753296,-0.17039981484413147,-0.9465471506118774,0.27388331294059753,0.6728107929229736,-0.015153110027313232,0.6192135810852051
1.2446789131457459,-2.569420429843619,1.5702308816206276,-0.20115861296653748,2.562703847885132,-0.38953280448913574,-0.17346595227718353,-0.9472933411598206,0.269341379404068,0.700977623462677,-0.15202605724334717,0.7321844100952148
1.2500735088176738,-2.546068921162654,1.5726873046740206,-0.6019816994667053,2.5738096237182617,-0.3436521291732788,-0.17683863639831543,-0.9490078091621399,0.26098352670669556,0.7561691403388977,-0.22334027290344238,0.8151425123214722
1.2583346741224912,-2.513987960927469,1.5665418372242321,-0.9589046835899353,2.649486541748047,-0.2841516137123108,-0.18050861358642578,-0.951579749584198,0.24882212281227112,0.7808199524879456,-0.24806612730026245,0.8201475143432617
1.2685580882531342,-2.470955082106238,1.5493604063408901,-1.286190152168274,2.653001070022583,-0.10996223986148834,-0.18498992919921875,-0.954672634601593,0.2331925928592682,0.784523069858551,-0.2424708604812622,0.8010327816009521
1.2795464602660036,-2.4141763562308443,1.5173773664144479,-1.5874744653701782,2.5443761348724365,0.1286739856004715,-0.19093765318393707,-0.9578857421875,0.21447034180164337,0.8138930797576904,-0.23466485738754272,0.7825236320495605
1.2902360276635876,-2.343799811984522,1.4689397771312955,-1.8206390142440796,2.185056447982788,0.36090534925460815,-0.19820508360862732,-0.9609004259109497,0.193351611495018,0.8783808946609497,-0.2724063992500305,0.7523880004882812
1.2995427492942757,-2.264783375272962,1.4068095256901583,-1.898345708847046,1.6303424835205078,0.49739906191825867,-0.20596565306186676,-0.9634357690811157,0.171376034617424,0.8946863412857056,-0.2929424047470093,0.7582656145095825
1.3067768513950462,-2.187324808773303,1.3399914653329834,-1.7475982904434204,0.9499962329864502,0.490162193775177,-0.2129172533750534,-0.9653488397598267,0.15089043974876404,0.8331108093261719,-0.28867948055267334,0.7403143644332886
1.3117416238655082,-2.122383561453541,1.2788002478003277,-1.4139130115509033,0.214020773768425,0.41440364718437195,-0.21817590296268463,-0.9666325449943542,0.1342417150735855,0.737371563911438,-0.303417444229126,0.6330006122589111
1.3148028748340277,-2.0771779501678984,1.2306998925291501,-0.999026894569397,-0.46147459745407104,0.28475430607795715,-0.22142989933490753,-0.9674122333526611,0.12280895560979843,0.6417943239212036,-0.30762726068496704,0.5204099416732788
1.3167850780633747,-2.054208028487201,1.1995133653932066,-0.5731461048126221,-0.9434117674827576,0.11114910244941711,-0.22249449789524078,-0.9679122567176819,0.11679959297180176,0.5969604849815369,-0.3375535011291504,0.40897250175476074
1.3182686065941183,-2.050532522270088,1.1848527986032886,-0.22965742647647858,-1.1129558086395264,-0.028761129826307297,-0.2216476947069168,-0.9682839512825012,0.11531788110733032,0.5970749855041504,-0.36180925369262695,0.2898029088973999
1.319601701492105,-2.058519334349264,1.1816938372216494,-0.05990726128220558,-1.0734652280807495,-0.13081711530685425,-0.21957871317863464,-0.9686161875724792,0.11647924035787582,0.6095019578933716,-0.3557244539260864,0.2098909467458725
1.3213660614064577,-2.069257335457296,1.1823657408467259,-0.10060515254735947,-0.9239769577980042,-0.19203758239746094,-0.21681472659111023,-0.9690532088279724,0.11801352351903915,0.6316554546356201,-0.3491535186767578,0.21354460716247559
1.3240287465134777,-2.075014233510906,1.1800426275064295,-0.2641463279724121,-0.6619330644607544,-0.2141314595937729,-0.2138720452785492,-0.9697070717811584,0.11801286786794662,0.6819964647293091,-0.34900331497192383,0.2647385597229004
1.3277970679454183,-2.0714769078167774,1.1711736452481114,-0.4670714735984802,-0.3404293358325958,-0.24634958803653717,-0.2110806703567505,-0.9706206917762756,0.11550050228834152,0.7416288256645203,-0.3508666753768921,0.2947014570236206
1.3328721584821315,-2.059312116364582,1.1567615552103854,-0.5969716310501099,-0.03981376811861992,-0.31875553727149963,-0.20811760425567627,-0.9718292951583862,0.11061100661754608,0.7746917605400085,-0.365389883518219,0.28926074504852295
1.3388283329154178,-2.0440577265344184,1.1415122371492423,-0.5651143789291382,0.10503210127353668,-0.40721163153648376,-0.20462508499622345,-0.9732158780097961,0.10478352755308151,0.793797492980957,-0.37328076362609863,0.2638840675354004
1.3452070798802969,-2.0319611388783794,1.1304881969417986,-0.4461296498775482,0.16137227416038513,-0.5034748911857605,-0.2003130465745926,-0.9746624827384949,0.09953562170267105,0.8402361869812012,-0.3753739595413208,0.2204105705022812
1.3517665451264247,-2.0258422354146672,1.1261417451019173,-0.29893141984939575,0.21911732852458954,-0.5796080231666565,-0.1951720416545868,-0.976108729839325,0.09549644589424133,0.8881804943084717,-0.3689229488372803,0.1846243143081665
1.3580910910344863,-2.026323142084139,1.1293390197132422,-0.12930814921855927,0.3123176097869873,-0.6038971543312073,-0.18957771360874176,-0.97746342420578,0.09287219494581223,0.9270045757293701,-0.3743278384208679,0.1645129919052124
1.3635276166063188,-2.0334323076621796,1.1404236580977136,0.06519155949354172,0.4342392683029175,-0.5669785141944885,-0.18415434658527374,-0.9785966277122498,0.09184442460536957,0.9688681960105896,-0.3699444532394409,0.14256107807159424
1.3675256292188478,-2.0472850057579874,1.159551839709492,0.26680707931518555,0.5325318574905396,-0.49018293619155884,-0.17938600480556488,-0.9794115424156189,0.09259115159511566,1.0105781555175781,-0.3569987416267395,0.1408987045288086
1.3697989372304613,-2.0672712911563216,1.1856684804945639,0.443369060754776,0.5742840766906738,-0.3970183730125427,-0.17554226517677307,-0.9798679351806641,0.09509724378585815,1.0518546104431152,-0.3273066282272339,0.17283177375793457
1.3702678208941315,-2.093094181591878,1.2178614057602208,0.6310498714447021,0.5580943822860718,-0.30497434735298157,-0.1726296991109848,-0.9799614548683167,0.09936858713626862,1.1115946769714355,-0.303302526473999,0.23646198213100433
1.3688107270039716,-2.1259293950219798,1.2568042544889437,0.8572188019752502,0.4996986985206604,-0.246420755982399,-0.17048779129981995,-0.9796701669692993,0.10573484748601913,1.1900038719177246,-0.3173877000808716,0.30658814311027527
1.3654828656201412,-2.1681263639470347,1.3047009890460994,1.1306912899017334,0.43714016675949097,-0.25840795040130615,-0.16857120394706726,-0.9789971113204956,0.11466623842716217,1.2508161067962646,-0.3376685380935669,0.3797032833099365
1.360636080311225,-2.222608334369162,1.3639861267102344,1.4068129062652588,0.23550134897232056,-0.4017137289047241,-0.1658470630645752,-0.9779974818229675,0.1265525072813034,1.2859184741973877,-0.3278801441192627,0.4675331115722656
1.3552401551002697,-2.2925092140902446,1.4360901739394714,1.6051013469696045,-0.12814001739025116,-0.7111937403678894,-0.16056205332279205,-0.976857602596283,0.1413111388683319,1.314080834388733,-0.325434148311615,0.6180424690246582
1.3506387624808425,-2.3769272522521616,1.5185094276558655,1.547067642211914,-0.7033004760742188,-1.0730814933776855,-0.15118557214736938,-0.9758630394935608,0.15758822858333588,1.3401657342910767,-0.35201770067214966,0.8455855846405029
1.3484200003658438,-2.4674157942104564,1.5993515358812525,1.0625334978103638,-1.6563524007797241,-1.2628605365753174,-0.13767796754837036,-0.9753761291503906,0.17229661345481873,1.4353617429733276,-0.3622092604637146,1.1379603147506714
1.3505292942835294,-2.5525565183295478,1.663760971898695,0.2309315800666809,-2.794865131378174,-1.2343969345092773,-0.12138427793979645,-0.9758391380310059,0.18166932463645935,1.5915381908416748,-0.31584781408309937,1.4878100156784058
1.3589420658895806,-2.6243596820972157,1.7023995737037476,-0.7992753386497498,-4.015474796295166,-1.018761396408081,-0.10397516936063766,-0.9776427149772644,0.1827673763036728,1.6930255889892578,-0.18223881721496582,1.761843204498291
1.3744042469046445,-2.6758601393671855,1.7070611648268914,-1.8037443161010742,-5.349512577056885,-0.5655721426010132,-0.08762925118207932,-0.9807769656181335,0.17434880137443542,1.6840801239013672,0.0695374608039856,1.8461437225341797
1.395102505052572,-2.696793573837761,1.6673255366147475,-2.4870269298553467,-6.574277877807617,0.09371233731508255,-0.07520859688520432,-0.9846054911613464,0.1577836275100708,1.5082683563232422,0.4114701747894287,1.7503583431243896
1.416546151490611,-2.6706972878094666,1.5691671222381598,-2.6967196464538574,-7.4943318367004395,0.9141944646835327,-0.06970346719026566,-0.9881269931793213,0.13691700994968414,1.186814785003662,0.7725967168807983,1.465484619140625
1.4325011202487943,-2.5814697160027587,1.3999485213017748,-2.406453847885132,-8.038361549377441,1.8058805465698242,-0.07324128597974777,-0.9904524683952332,0.11678975820541382,0.7581321001052856,1.1296125650405884,1.032151222229004
1.4355256293204108,-2.437401613221457,1.1731839652132117,-1.6602916717529297,-7.91780948638916,2.817620277404785,-0.0873093456029892,-0.9908648729324341,0.10277997702360153,0.28919845819473267,1.4560902118682861,0.5360901355743408
1.4201240361922602,-2.2814682424445785,0.9406803928941432,-0.8202337026596069,-6.7408766746521,4.030553817749023,-0.1137661337852478,-0.9886704087257385,0.09791824966669083,-0.18963956832885742,1.6888047456741333,0.07003521919250488
1.3858816174685153,-2.1458876262446864,0.7449354542986847,-0.36002132296562195,-4.655187129974365,5.296614646911621,-0.1542874276638031,-0.9829519391059875,0.10000527650117874,-0.7563570141792297,1.7936208248138428,-0.2856590747833252
1.3362616757086583,-2.030765187229779,0.5888346816905972,-0.4094996452331543,-3.0150885581970215,6.477590560913086,-0.20823684334754944,-0.9726225733757019,0.10316260904073715,-1.346099615097046,1.8072478771209717,-0.37687480449676514
1.2747328042806207,-1.9413141599955597,0.4661198853406176,-0.4279803931713104,-2.9192492961883545,7.323174476623535,-0.27195844054222107,-0.9564923644065857,0.10564471036195755,-1.967985987663269,1.805048942565918,-0.1270986795425415
1.2035261082340443,-1.896311421225403,0.3838381403900795,0.32759353518486023,-3.6820027828216553,7.727193832397461,-0.3402126431465149,-0.9333109855651855,0.11482905596494675,-2.687252998352051,1.6442638635635376,0.15587711334228516
1.1300858689255628,-1.901727912403272,0.34610121840763525,1.6250251531600952,-4.2165141105651855,6.8758015632629395,-0.4034355878829956,-0.9044488072395325,0.13860678672790527,-3.50577449798584,1.4084773063659668,-0.026286974549293518
1.0681727270524024,-1.9450846796456844,0.3500834223713577,2.9152119159698486,-3.5750420093536377,4.416914463043213,-0.4483751654624939,-0.8763217329978943,0.1761239618062973,-4.523426532745361,1.0218753814697266,-0.39495038986206055
1.02977407816739,-2.0051091098273814,0.38513493461321263,3.1140339374542236,-2.354701519012451,1.2383924722671509,-0.46719813346862793,-0.8571826815605164,0.21671046316623688,-5.4540815353393555,0.4215443730354309,-0.6183981895446777
1.0193542643658071,-2.0641809743034867,0.4332805827601449,2.1795690059661865,-1.2321751117706299,-1.4959397315979004,-0.46143123507499695,-0.8517698645591736,0.24813169240951538,-5.592142105102539,-0.08698141574859619,-0.40725037455558777
1.0325433813543567,-2.1129771715069974,0.4816540666554611,0.8536632061004639,-0.2820674479007721,-3.117370367050171,-0.43911704421043396,-0.8586056232452393,0.2645232081413269,-4.824951648712158,-0.27353549003601074,0.17731022834777832
1.0608144945700821,-2.147740282087659,0.5238254495414184,-0.23073062300682068,0.6357361078262329,-3.7980761528015137,-0.40914440155029297,-0.872753381729126,0.26627498865127563,-3.668553352355957,-0.07185721397399902,0.5111448764801025
1.0959295734822154,-2.167888168569105,0.5586368269747607,-0.857247531414032,1.4158737659454346,-3.7586350440979004,-0.3781091570854187,-0.8893536329269409,0.25706735253334045,-2.640033483505249,0.40421563386917114,0.49244430661201477
1.1298559113885636,-2.175173625899393,0.5848670381567261,-1.0096663236618042,1.7598381042480469,-3.0535573959350586,-0.35118645429611206,-0.9043506979942322,0.24252311885356903,-1.7128241062164307,0.8751455545425415,0.3426665961742401
1.1563156039124791,-2.172684135621993,0.6012973723377476,-0.8328295350074768,1.6718469858169556,-2.0488319396972656,-0.33194485306739807,-0.9153255820274353,0.22801683843135834,-0.9896340370178223,1.12907075881958,0.17409789562225342
1.1732058409943376,-2.165266156374149,0.6098703779217849,-0.5026515126228333,1.369676113128662,-1.1502419710159302,-0.3207721710205078,-0.9219966530799866,0.2168576419353485,-0.5557841658592224,1.1767727136611938,0.04551708698272705
1.1822764756375417,-2.156701091438438,0.6142289048877825,-0.24318134784698486,1.1659573316574097,-0.5781158208847046,-0.3156362771987915,-0.925470769405365,0.20946907997131348,-0.38796162605285645,1.1686806678771973,0.0009189695119857788
1.1867666022960206,-2.146640758465273,0.6159980773783863,-0.15988123416900635,1.1950732469558716,-0.2690006196498871,-0.3142390251159668,-0.9271624088287354,0.20401819050312042,-0.39982640743255615,1.1492847204208374,0.027625292539596558
1.1896336121513205,-2.1322834274207523,0.6146718474240941,-0.24770721793174744,1.4413783550262451,-0.18576087057590485,-0.31488460302352905,-0.928232729434967,0.19806969165802002,-0.4583086669445038,1.0989786386489868,0.08948206901550293
1.1933189785394132,-2.1119311118674515,0.6102711992639666,-0.4167351722717285,1.8047302961349487,-0.2877030372619629,-0.3159159719944,-0.9295973777770996,0.18985703587532043,-0.4857044219970703,0.9860396981239319,0.1380084753036499
1.1990332917792428,-2.085720187187128,0.6034588497172109,-0.5819989442825317,2.1543734073638916,-0.4463728368282318,-0.31615468859672546,-0.9316883683204651,0.1788933128118515,-0.4868695139884949,0.8365346789360046,0.1621253341436386
1.2065389142361351,-2.054232050797162,0.5945958371647702,-0.6834734082221985,2.4641802310943604,-0.5528438687324524,-0.31542953848838806,-0.9343885779380798,0.16559597849845886,-0.4265137016773224,0.7231307029724121,0.16655731201171875
1.2146026857340406,-2.0182196875762606,0.5839103301186248,-0.6946589946746826,2.7127504348754883,-0.5337079763412476,-0.3143836557865143,-0.9372309446334839,0.1508667767047882,-0.28647682070732117,0.6472835540771484,0.14890728890895844
1.2220009117681037,-1.9801062730009629,0.5732179341256122,-0.5585446953773499,2.8696627616882324,-0.5094248652458191,-0.3135344386100769,-0.9397850632667542,0.13601471483707428,-0.13403627276420593,0.5516930818557739,0.09930622577667236
1.2282872746545734,-1.9451747084400073,0.5668983563854694,-0.32377558946609497,2.892672300338745,-0.4870266318321228,-0.31258830428123474,-0.941914975643158,0.12281870096921921,0.0021331310272216797,0.38486248254776,0.0258476659655571
1.23352278000889,-1.9138420350355265,0.5644939903497608,-0.20238938927650452,2.905748128890991,-0.4336044490337372,-0.3116346597671509,-0.9436603784561157,0.11130574345588684,0.10199421644210815,0.2701069712638855,-0.04973649978637695
1.237641495674876,-1.8834893503976784,0.5633942970235395,-0.1414027214050293,2.9359686374664307,-0.31777718663215637,-0.3111676275730133,-0.9450153112411499,0.10060031712055206,0.19692516326904297,0.09969383478164673,-0.012023098766803741
1.2403081300116638,-1.851376565769704,0.5610069635132208,-0.17140302062034607,3.0310826301574707,-0.14432504773139954,-0.3118148446083069,-0.9458840489387512,0.08985962718725204,0.29437413811683655,-0.060677170753479004,0.021575212478637695
1.2413135577234529,-1.8149333861762464,0.5555974032430704,-0.20779377222061157,3.2101166248321533,0.02735854685306549,-0.3139592707157135,-0.9462098479270935,0.07820913195610046,0.3071386516094208,-0.12776482105255127,0.024314649403095245
1.2413555387714004,-1.7775393289663997,0.5503369669514057,-0.10979851335287094,3.218425989151001,0.00673281354829669,-0.31662479043006897,-0.9462233781814575,0.06640882790088654,0.27660098671913147,-0.19630897045135498,0.02891279011964798
1.24236936110516,-1.745231796214196,0.549546395503845,0.01733972877264023,3.060342311859131,-0.20961226522922516,-0.3176594078540802,-0.9465509057044983,0.055980004370212555,0.23448380827903748,-0.34872186183929443,-0.008860945701599121
1.2454841528800493,-1.7184799667305437,0.5525692654686502,0.06334987282752991,2.8394997119903564,-0.4221992790699005,-0.3161255121231079,-0.9475510120391846,0.04702897369861603,0.17370006442070007,-0.45735615491867065,-0.02511739730834961
1.2500727408415349,-1.6946256093681848,0.5562957193039586,0.04540096968412399,2.6135926246643066,-0.49852922558784485,-0.3128393888473511,-0.9490075707435608,0.038937900215387344,0.17930981516838074,-0.45890557765960693,0.06442511081695557
1.2548437566723984,-1.672738208804062,0.5594340099316575,0.05783290043473244,2.3421988487243652,-0.4697583019733429,-0.30910882353782654,-0.9505008459091187,0.03162074461579323,0.2949639558792114,-0.45350611209869385,0.15648949146270752
1.259420654667769,-1.6554011024649296,0.5646124723847384,0.1893318146467209,2.0995073318481445,-0.47491204738616943,-0.30527186393737793,-0.9519129991531372,0.025889258831739426,0.43735209107398987,-0.4817873239517212,0.15297412872314453
1.2639729659036316,-1.6457703902172498,0.5752096634510595,0.38307860493659973,1.8222556114196777,-0.47544753551483154,-0.30118319392204285,-0.9532978534698486,0.0226233322173357,0.524053156375885,-0.5251262187957764,0.09154284000396729
1.268025235625534,-1.6457280209880694,0.5927365915484183,0.60469651222229,1.532025933265686,-0.4015038013458252,-0.2973293662071228,-0.9545139074325562,0.02232118509709835,0.6095242500305176,-0.5249018669128418,0.07228326797485352
1.2709613159704938,-1.6557718668386479,0.6182986793904475,0.856234610080719,1.343727707862854,-0.30550041794776917,-0.29429689049720764,-0.9553852081298828,0.025068406015634537,0.6896064281463623,-0.5203686356544495,0.07830977439880371
1.2728149657521712,-1.6752607692088446,0.6521922476168444,1.0869327783584595,1.2317308187484741,-0.26230287551879883,-0.29199063777923584,-0.9559310674667358,0.030614081770181656,0.7489608526229858,-0.5373703241348267,0.07419848442077637
1.2740269368865502,-1.7027522588818034,0.6934083169349964,1.2654883861541748,1.1525002717971802,-0.2630217671394348,-0.28989002108573914,-0.9562861919403076,0.03847628831863403,0.7378576397895813,-0.5188876986503601,0.09676229953765869
1.274533733933405,-1.73518266632082,0.7390570892507531,1.334743618965149,1.0694528818130493,-0.22434920072555542,-0.28801229596138,-0.9564343094825745,0.047776419669389725,0.6900355815887451,-0.5102559328079224,0.18527103960514069
1.2739275308480131,-1.768299368848859,0.7841138482368939,1.2529513835906982,0.9152001142501831,-0.12279503047466278,-0.28684017062187195,-0.956257164478302,0.05740009620785713,0.7129113674163818,-0.507228434085846,0.3247714042663574
1.2720061552731121,-1.7973813610459177,0.8232608824993123,1.0554125308990479,0.7458813786506653,0.011996878311038017,-0.28683939576148987,-0.9556933045387268,0.06612911075353622,0.763401985168457,-0.47675585746765137,0.494783878326416
1.2690867816797486,-1.8193789230603585,0.8532951040072906,0.797341525554657,0.5933550000190735,0.12702743709087372,-0.2880184054374695,-0.9548298716545105,0.07310847193002701,0.803277313709259,-0.4383736252784729,0.6296502351760864
1.2660918474107459,-1.833688830795623,0.8737393691160723,0.5311817526817322,0.43755874037742615,0.12183881551027298,-0.2897029221057892,-0.9539356827735901,0.07796518504619598,0.7840267419815063,-0.3859994411468506,0.697516918182373
1.2644522020370108,-1.8416082149277775,0.8858913770737695,0.25705134868621826,0.2982250452041626,-0.0050592925399541855,-0.2905830442905426,-0.9534424543380737,0.08067527413368225,0.733957827091217,-0.36903655529022217,0.7184426784515381
1.2649589324725885,-1.8433772003686442,0.8901591232475773,-0.03926927596330643,0.15688681602478027,-0.1601567417383194,-0.289975106716156,-0.9535951614379883,0.08105926215648651,0.6792573928833008,-0.37189000844955444,0.719279408454895
1.267724250904094,-1.8385871450341944,0.8862323271944769,-0.33254900574684143,0.06183968484401703,-0.3062034547328949,-0.287815660238266,-0.9544241428375244,0.07897119969129562,0.6460767984390259,-0.34003984928131104,0.7213979959487915
1.2726349374480093,-1.8266964678685655,0.8740910935678657,-0.610803484916687,-0.002444230020046234,-0.4546528458595276,-0.2841966152191162,-0.9558781981468201,0.07435615360736847,0.6414812803268433,-0.3044366240501404,0.706344485282898
1.2793706165864795,-1.8072640972240555,0.8535238221875394,-0.8632484078407288,-0.04329127445816994,-0.5483856201171875,-0.27932196855545044,-0.9578351974487305,0.06730993837118149,0.6357978582382202,-0.2671859860420227,0.672359824180603
1.2869469499695065,-1.7802019460670806,0.8246400607817109,-1.050406813621521,-0.08720626682043076,-0.5556004047393799,-0.2739347517490387,-0.959984540939331,0.05821692571043968,0.6267180442810059,-0.2019263505935669,0.634745717048645
1.2943608271065306,-1.7474582178725888,0.7892067941119771,-1.135547399520874,-0.1771998107433319,-0.5187532901763916,-0.26868048310279846,-0.9620344042778015,0.0479656383395195,0.6407661437988281,-0.13528621196746826,0.5681536197662354
1.3010431748653835,-1.7126850170322065,0.7507187427071949,-1.1001614332199097,-0.2786494791507721,-0.46894630789756775,-0.2638154923915863,-0.9638367295265198,0.03768567740917206,0.6474977731704712,-0.0941314697265625,0.4717289209365845
1.3067081240575005,-1.6807661006348091,0.7141660804538266,-0.9354187846183777,-0.3916863203048706,-0.4056945741176605,-0.25945228338241577,-0.9653308987617493,0.02864748425781727,0.630042552947998,-0.07437241077423096,0.3412560224533081
1.311148172889355,-1.6559535004210908,0.6838379569118721,-0.6992555260658264,-0.5009621977806091,-0.31903529167175293,-0.25580981373786926,-0.9664803743362427,0.02183685079216957,0.6066704988479614,-0.06685996055603027,0.21058499813079834
1.3142656268941342,-1.6411607916010134,0.6628405386818719,-0.4099453389644623,-0.592703640460968,-0.2136417031288147,-0.25309789180755615,-0.9672760367393494,0.017838547006249428,0.5957951545715332,-0.08522933721542358,0.09628188610076904
1.3159294738697824,-1.6378432626958428,0.6528959482499705,-0.10963983088731766,-0.6620518565177917,-0.08039071410894394,-0.25154975056648254,-0.9676968455314636,0.016890957951545715,0.5957423448562622,-0.11755388975143433,-0.0007624626159667969
1.315998793226944,-1.6462486188111756,0.6544030563612478,0.1832670420408249,-0.7140157222747803,0.060114502906799316,-0.2513323724269867,-0.9677143692970276,0.018999673426151276,0.6051226854324341,-0.1675395965576172,-0.07089495658874512
1.314463123473776,-1.6643669556559146,0.6658758723792486,0.4054439067840576,-0.6696924567222595,0.1921851933002472,-0.2524263560771942,-0.9673261642456055,0.023688867688179016,0.6085207462310791,-0.21661853790283203,-0.1263042688369751
1.3115518925290937,-1.6873294579208753,0.683431998946269,0.5308552384376526,-0.5110539793968201,0.28646284341812134,-0.2546110451221466,-0.9665839672088623,0.029805663973093033,0.6084319353103638,-0.25601112842559814,-0.13161230087280273
1.3076544875854472,-1.7106121188400472,0.7034380647910662,0.5890575647354126,-0.27311810851097107,0.3500189185142517,-0.2575766146183014,-0.9655774831771851,0.0362497977912426,0.6051108837127686,-0.2927841544151306,-0.08957934379577637
1.3030490657339289,-1.7335038659112338,0.7254950631296059,0.7030876278877258,-0.05408567190170288,0.3809804618358612,-0.2610643804073334,-0.9643692970275879,0.04285600036382675,0.5929584503173828,-0.33516043424606323,-0.04418361932039261
1.297817749244163,-1.7591308080710648,0.7524694654506523,0.897476315498352,0.1274806708097458,0.3937372863292694,-0.26483333110809326,-0.9629721641540527,0.05047545209527016,0.5881214141845703,-0.3865761160850525,-0.029342178255319595
1.2919672500006336,-1.7896364178877822,0.786411203681971,1.14743173122406,0.3032292127609253,0.3691352307796478,-0.2686658501625061,-0.9613783955574036,0.05975177139043808,0.5864149332046509,-0.4226243495941162,-0.017744414508342743
1.285836137190686,-1.82611308098545,0.8282923226383552,1.3905844688415527,0.43214377760887146,0.26092514395713806,-0.27200594544410706,-0.9596728682518005,0.07099710404872894,0.6065397262573242,-0.4838542938232422,0.03729450702667236
1.280219987534209,-1.8683495858761143,0.8769259576380101,1.5478407144546509,0.42544206976890564,0.05589594691991806,-0.2739138603210449,-0.958078920841217,0.0839977115392685,0.6144291162490845,-0.5862324237823486,0.10263251513242722
1.2758212918881917,-1.9150679280601122,0.9296178916426538,1.5898020267486572,0.3089924156665802,-0.1847880333662033,-0.2736569344997406,-0.956809401512146,0.09811977297067642,0.6311246752738953,-0.6975331902503967,0.2079561948776245
1.2731544188457606,-1.964424567229706,0.9834804123927312,1.5110536813735962,0.11482645571231842,-0.45469534397125244,-0.27083882689476013,-0.9560306668281555,0.1124800592660904,0.6770583391189575,-0.761147677898407,0.37052154541015625
1.2727662911648212,-2.0148186427973775,1.0362611306574199,1.3208528757095337,-0.10606598109006882,-0.7235832810401917,-0.2651636004447937,-0.9559168219566345,0.126139298081398,0.7345850467681885,-0.7764897346496582,0.5602314472198486
1.2750862827015697,-2.0632242852931357,1.084263830646809,0.9456828236579895,-0.4174007177352905,-0.9413353800773621,-0.25679466128349304,-0.9565954804420471,0.13777314126491547,0.8036239147186279,-0.7322472333908081,0.7601760625839233
1.2805943327149718,-2.1064397142087947,1.1224402641029856,0.41141217947006226,-0.9421563744544983,-1.0806856155395508,-0.24606747925281525,-0.9581860899925232,0.1460466980934143,0.9731336236000061,-0.6606338024139404,0.9593151807785034
1.2895158137040639,-2.1415529566931095,1.1453079119520486,-0.2704782485961914,-1.7059110403060913,-1.0835916996002197,-0.23358598351478577,-0.9607007503509521,0.14997074007987976,1.1368300914764404,-0.5567855834960938,1.1235888004302979
1.3014932902878997,-2.1621703509816306,1.144686293534523,-1.0741808414459229,-2.520857334136963,-0.857711911201477,-0.22087623178958893,-0.9639565348625183,0.14832887053489685,1.2063499689102173,-0.3606894016265869,1.2586839199066162
1.3151047635822992,-2.1590221123195232,1.1108746664941518,-1.8757468461990356,-3.377455949783325,-0.3898422122001648,-0.21040625870227814,-0.9674886465072632,0.14033867418766022,1.2055082321166992,-0.04526764154434204,1.345790982246399
1.327652927535258,-2.125889758508214,1.0365368859767405,-2.516533374786377,-4.4028754234313965,0.2939382493495941,-0.20460547506809235,-0.9705860018730164,0.12688307464122772,1.1522221565246582,0.33667492866516113,1.3243955373764038
1.335053970746548,-2.0649000742042998,0.9227697618070867,-2.816641092300415,-5.466244697570801,1.134768009185791,-0.2056283950805664,-0.9723412394523621,0.11076606065034866,1.043854832649231,0.7055109739303589,1.1895573139190674
1.3332337079079237,-1.9924319980398366,0.78702323147242,-2.6426565647125244,-6.357341766357422,1.9798297882080078,-0.21472367644309998,-0.9719144701957703,0.09631127119064331,0.7862721681594849,1.04189133644104,0.9304220676422119
1.3204254347019733,-1.93476745535492,0.6589679712915196,-2.028172492980957,-6.865518569946289,2.706984281539917,-0.2315325140953064,-0.9688205718994141,0.08820078521966934,0.4044756591320038,1.337198257446289,0.5694072246551514
1.2977443803867519,-1.9069040932099113,0.5591817980492396,-1.2600973844528198,-6.688316822052002,3.2736449241638184,-0.2545824646949768,-0.9629523754119873,0.08894184231758118,-0.04769408702850342,1.5757758617401123,0.16397249698638916
1.2676656901022896,-1.8983499791371754,0.485105315168234,-0.802761971950531,-5.692872524261475,3.7621824741363525,-0.2826385796070099,-0.9544066190719604,0.0960388332605362,-0.6892394423484802,1.7355496883392334,-0.16398631036281586
1.2317112845853944,-1.8874190223983542,0.42020530196221056,-0.808748722076416,-4.394199848175049,4.395773410797119,-0.3160907030105591,-0.9430593848228455,0.10356565564870834,-1.313181757926941,1.8221181631088257,-0.25601625442504883
1.1879162063813848,-1.8671326055092534,0.3578027096375526,-0.6930376291275024,-3.250452995300293,5.246606826782227,-0.35730934143066406,-0.9275925159454346,0.109095998108387,-1.7188318967819214,1.8078415393829346,-0.16881895065307617
1.1357365151990086,-1.8486165496025155,0.30653960266892777,-0.20330174267292023,-2.4783473014831543,5.816457748413086,-0.4053032696247101,-0.9068448543548584,0.11559078097343445,-1.9578251838684082,1.820709228515625,-0.21561220288276672
1.0790786718942453,-1.8420290433185287,0.27461340389312844,0.5435641407966614,-1.9283469915390015,5.721274375915527,-0.45488008856773376,-0.8815231919288635,0.12649565935134888,-2.4471585750579834,1.6718368530273438,-0.45658910274505615
1.0256063494729841,-1.848975713203933,0.26350920463264116,1.2433096170425415,-1.3617992401123047,4.713749885559082,-0.49864470958709717,-0.8550288081169128,0.14240504801273346,-3.161557197570801,1.2870203256607056,-0.6817728281021118
0.9857515720584096,-1.8624427783500066,0.2680070267543786,1.3720955848693848,-0.5278288125991821,2.6560401916503906,-0.5289161801338196,-0.8336873650550842,0.15878421068191528,-3.8352041244506836,0.7143943905830383,-0.8353133201599121
0.9694779506025356,-1.8730850642519232,0.2803548314527246,0.8138213753700256,0.4452849328517914,0.02006823942065239,-0.5400784611701965,-0.8245905041694641,0.1684211939573288,-4.173727512359619,-0.005457103252410889,-0.7882485389709473
0.9798917668748487,-1.873115382565682,0.2924071163295596,-0.15969717502593994,1.568978190422058,-2.311387062072754,-0.5318464040756226,-0.8304370641708374,0.1658717393875122,-4.022840976715088,-0.5009074807167053,-0.5088894367218018
1.0111663376696864,-1.8559594994618664,0.29833006130960604,-0.9769890904426575,2.826631784439087,-3.7287137508392334,-0.5094335675239563,-0.8474516272544861,0.149341881275177,-3.4995384216308594,-0.43694162368774414,-0.17833364009857178
1.0535980377819227,-1.8213653875610696,0.297061083529974,-1.333160400390625,3.789703369140625,-4.2934489250183105,-0.4790055751800537,-0.8692078590393066,0.12260060012340546,-2.820585250854492,0.09541964530944824,-0.02941526472568512
1.097923240791964,-1.7746673117568963,0.2897537561746963,-1.2892863750457764,4.144052505493164,-4.064087867736816,-0.446013480424881,-0.8902634382247925,0.09221028536558151,-2.0461738109588623,0.6748246550559998,-0.04594577103853226
1.1361899388942598,-1.72464465704046,0.2792088166819091,-0.9506616592407227,3.875060558319092,-3.227621078491211,-0.4160799980163574,-0.9070358276367188,0.06452309340238571,-1.268825888633728,1.0126420259475708,-0.04554128646850586
1.1642537756857718,-1.6803374519505112,0.27012580796873487,-0.5221055150032043,3.283269166946411,-2.2344210147857666,-0.3930657207965851,-0.9184935092926025,0.04322991147637367,-0.6903539896011353,1.1137754917144775,-0.029283523559570312
1.1831825634575175,-1.6457530908381712,0.26555847947303307,-0.19685067236423492,2.814419984817505,-1.5454521179199219,-0.37691882252693176,-0.9258136749267578,0.028305647894740105,-0.4251288175582886,1.1285266876220703,0.012725114822387695
1.1971031772563037,-1.6179448787874362,0.2650014951244046,-0.03232244774699211,2.656445264816284,-1.2688220739364624,-0.3646506369113922,-0.9309855103492737,0.01720549911260605,-0.4461556077003479,1.0945749282836914,0.08551669120788574
1.209753578489281,-1.5914904300735344,0.26563837180204647,-0.02268359623849392,2.769364356994629,-1.2848247289657593,-0.3531743586063385,-0.9355289936065674,0.007309670094400644,-0.6088159680366516,1.0363438129425049,0.1432030200958252
1.2234630937106807,-1.56046724186988,0.2639381155877296,-0.12125064432621002,3.111804485321045,-1.4538960456848145,-0.3403729200363159,-0.9402837753295898,-0.0035158658865839243,-0.750096321105957,0.9903938174247742,0.19846206903457642
1.2388149959315335,-1.5198600308630212,0.25596046112690357,-0.31526657938957214,3.4707727432250977,-1.6141787767410278,-0.32549428939819336,-0.9453984498977661,-0.016593826934695244,-0.7995819449424744,0.9338017702102661,0.26380133628845215
1.2548291366114321,-1.4677146731630148,0.23888354406680104,-0.5296720862388611,3.6743245124816895,-1.6262967586517334,-0.3090868294239044,-0.950496256351471,-0.031974513083696365,-0.7084149718284607,0.8558154106140137,0.3614727258682251
1.2692353064474344,-1.4029096167740889,0.21021512469401704,-0.8007144331932068,3.799764394760132,-1.4375059604644775,-0.2928347885608673,-0.9548740386962891,-0.049630239605903625,-0.510128378868103,0.8238774538040161,0.45455265045166016
1.2799829247348538,-1.3259337487791831,0.1702288639033472,-1.029701590538025,3.91083025932312,-1.1316226720809937,-0.27817800641059875,-0.9580109715461731,-0.06951019167900085,-0.2849932909011841,0.7720522880554199,0.5154482126235962
1.2860077236802976,-1.2411498336278202,0.12283891791237574,-1.1944164037704468,3.9161980152130127,-0.782214879989624,-0.26582691073417664,-0.9597210884094238,-0.09094734489917755,-0.06409856677055359,0.6490369439125061,0.5145312547683716
1.2871393497698513,-1.1546143324981457,0.07323985393331221,-1.297653317451477,3.836585521697998,-0.4441795349121094,-0.25597840547561646,-0.9600383639335632,-0.11314267665147781,0.12743845582008362,0.499497652053833,0.48017752170562744
1.283928394850477,-1.0712094589776642,0.025943388789462927,-1.363390326499939,3.7411482334136963,-0.16742469370365143,-0.2483675479888916,-0.9591348171234131,-0.1355506032705307,0.24008208513259888,0.34974461793899536,0.4552374482154846
1.2773557059459093,-0.9916908822911225,-0.01831817028831493,-1.47853422164917,3.6655752658843994,-0.0379769504070282,-0.24208611249923706,-0.9572543501853943,-0.1582978516817093,0.27702879905700684,0.21007734537124634,0.4477265477180481
1.2689425797780867,-0.9133272076064368,-0.061935959925683494,-1.570312261581421,3.6415350437164307,-0.09302875399589539,-0.23531754314899445,-0.954787015914917,-0.1816786825656891,0.271694540977478,-0.000764012336730957,0.4628981351852417
1.2593656364579182,-0.8341226847583632,-0.10698541814728427,-1.7372491359710693,3.5755913257598877,-0.17934714257717133,-0.22696778178215027,-0.9518961310386658,-0.2058616578578949,0.25852304697036743,-0.2060779333114624,0.47598797082901
1.2480021616052543,-0.7553855065808014,-0.15294532600104635,-1.8726307153701782,3.4015424251556396,-0.20122016966342926,-0.21747472882270813,-0.9483527541160583,-0.23093679547309875,0.252615749835968,-0.3067436218261719,0.5055491924285889
1.235245792843745,-0.6816839007129385,-0.19641425049342523,-1.8607591390609741,3.0635125637054443,-0.24370238184928894,-0.20748543739318848,-0.9442291855812073,-0.2556970417499542,0.27859145402908325,-0.36910998821258545,0.5268762111663818
1.2226618347993117,-0.6167852490790894,-0.23530740729793795,-1.6992465257644653,2.5559566020965576,-0.30684801936149597,-0.19732362031936646,-0.9400107860565186,-0.27828630805015564,0.33266913890838623,-0.44448018074035645,0.48771315813064575
1.2109883597996836,-0.5620648957709359,-0.268899830038491,-1.5249512195587158,2.0899479389190674,-0.32514819502830505,-0.1876431405544281,-0.9359644651412964,-0.29792672395706177,0.35437601804733276,-0.46656227111816406,0.4474933445453644
1.200221540049982,-0.5160738282603335,-0.2977145484325829,-1.3739522695541382,1.716796875,-0.33911412954330444,-0.17871032655239105,-0.9321193695068359,-0.31498563289642334,0.36755314469337463,-0.4520663619041443,0.45478665828704834
1.190194571265227,-0.4767043028264051,-0.32368654857083756,-1.2932387590408325,1.3095284700393677,-0.3851703107357025,-0.17045441269874573,-0.9284412860870361,-0.3300635516643524,0.4065842032432556,-0.4753519296646118,0.4790351092815399
1.1805309844494818,-0.44249402978854163,-0.34863668565456,-1.27044677734375,0.9051012992858887,-0.4388503432273865,-0.16289961338043213,-0.924808144569397,-0.34379270672798157,0.4184080958366394,-0.5137598514556885,0.5080993175506592
1.1706656457405127,-0.4120861539595765,-0.3739800099705157,-1.3347283601760864,0.49219170212745667,-0.5209840536117554,-0.15601873397827148,-0.9210100769996643,-0.35692939162254333,0.4270453453063965,-0.5509138107299805,0.5381733179092407
1.1599968315949851,-0.3841860789115149,-0.40095976759031987,-1.4452131986618042,0.14736537635326385,-0.6126876473426819,-0.14967545866966248,-0.9168018698692322,-0.3702319860458374,0.44394123554229736,-0.5654522776603699,0.5668109655380249
1.1483917177642793,-0.3576192168259467,-0.4296975378036129,-1.5475883483886719,-0.08807990700006485,-0.7087311148643494,-0.14350272715091705,-0.9121057987213135,-0.38401833176612854,0.43924862146377563,-0.5694769024848938,0.5659182667732239
1.1357693835760108,-0.33222208475649717,-0.4598613534425308,-1.6700979471206665,-0.3109247088432312,-0.7885007858276367,-0.1374485343694687,-0.9068586826324463,-0.398390531539917,0.43528491258621216,-0.5586868524551392,0.5191333293914795
1.1216945875370459,-0.30852501857170955,-0.49041146517530915,-1.812252163887024,-0.4551026523113251,-0.796999990940094,-0.13183321058750153,-0.9008374810218811,-0.41365674138069153,0.4298374056816101,-0.5250506401062012,0.46376651525497437
1.105915733366725,-0.28702110770585587,-0.5198097781929923,-1.9490939378738403,-0.5055475831031799,-0.7466279864311218,-0.12691669166088104,-0.8938751220703125,-0.42997610569000244,0.4471682012081146,-0.4875640869140625,0.40168631076812744
1.088535055684856,-0.26749987391392305,-0.5470393874693482,-2.051900625228882,-0.41141951084136963,-0.6883588433265686,-0.12258780747652054,-0.8859484195709229,-0.4472891688346863,0.4760577082633972,-0.44626593589782715,0.3239675760269165
1.0702641295188424,-0.24869041014907006,-0.5718502353586333,-2.049004316329956,-0.19666451215744019,-0.6387361884117126,-0.1181182712316513,-0.8773272633552551,-0.4651288688182831,0.4811249077320099,-0.4164043664932251,0.2355450987815857
1.0520764932458406,-0.23028930435771186,-0.5939538600904547,-1.9702428579330444,0.02484842762351036,-0.5947548747062683,-0.1131637766957283,-0.8684545755386353,-0.48268064856529236,0.47124183177948,-0.37632691860198975,0.12098628282546997
1.0348989403534397,-0.21183548075077352,-0.6135452956990797,-1.7987653017044067,0.28138455748558044,-0.572323203086853,-0.10735876858234406,-0.8598107695579529,-0.4991990029811859,0.46996867656707764,-0.3493720293045044,0.00635528564453125
1.019517348646107,-0.19269267865785691,-0.6311085901212193,-1.5532290935516357,0.5322713851928711,-0.5941323637962341,-0.10030458122491837,-0.8518553376197815,-0.5140830874443054,0.44468024373054504,-0.31438910961151123,-0.06160050630569458
1.006889080299217,-0.17253557353673743,-0.6475403312778358,-1.2376552820205688,0.6926794052124023,-0.6519097089767456,-0.09176213294267654,-0.845173180103302,-0.5265567898750305,0.4185901880264282,-0.2782245874404907,-0.12270468473434448
0.9971362013771355,-0.1518968229992686,-0.6633609911362979,-0.9680137038230896,0.7560301423072815,-0.7123653292655945,-0.08211926370859146,-0.8399202227592468,-0.5364609956741333,0.36446794867515564,-0.22001630067825317,-0.1665724515914917
0.9892737008985174,-0.1313402533210256,-0.679319341220714,-0.8500434160232544,0.6251463294029236,-0.7850716710090637,-0.07193756103515625,-0.8356272578239441,-0.5445660352706909,0.32826998829841614,-0.16225183010101318,-0.15721625089645386
0.9819654025612313,-0.11293921008045761,-0.6953888511402723,-0.8119879364967346,0.4240366220474243,-0.7822431325912476,-0.06259196251630783,-0.8315905332565308,-0.5518509149551392,0.3265385329723358,-0.12603574991226196,-0.05396878719329834
0.9747479548931972,-0.09564031798745806,-0.7104073948293641,-0.8002136945724487,0.5428478121757507,-0.7332056164741516,-0.05360841006040573,-0.8275604248046875,-0.5588109493255615,0.3227124512195587,-0.08749377727508545,-0.0511743426322937
0.9673265284940232,-0.07824262256554407,-0.7244329962036781,-0.8066015243530273,0.6163883805274963,-0.7133362889289856,-0.04435761645436287,-0.8233714699745178,-0.5657665729522705,0.28625524044036865,-0.0433429479598999,-0.07321047782897949
0.959799078337277,-0.06068516146026133,-0.7378481825989739,-0.7990353107452393,0.6822916269302368,-0.7052803039550781,-0.03479277715086937,-0.8190762996673584,-0.5726285576820374,0.26387301087379456,-0.006622493267059326,-0.06390708684921265
0.9520965322536956,-0.043438798076157845,-0.7505401348941041,-0.8112618923187256,0.6785467267036438,-0.6698266863822937,-0.025185557082295418,-0.8146332502365112,-0.5794293284416199,0.25219061970710754,0.02418220043182373,-0.06293517351150513
0.9440649397647223,-0.02771260479086077,-0.7619691631021359,-0.8342857956886292,0.602834165096283,-0.5988413095474243,-0.016251375898718834,-0.8099488615989685,-0.5862753391265869,0.23573383688926697,0.06008625030517578,-0.054105520248413086
0.935802556819284,-0.014202817232638689,-0.7716603295176819,-0.8302841782569885,0.5305178761482239,-0.5051978826522827,-0.008424435742199421,-0.8050754070281982,-0.593112587928772,0.22891396284103394,0.09198647737503052,-0.04169875383377075
0.9276090359750551,-0.002946167731301856,-0.7795172242221344,-0.8102472424507141,0.4510405957698822,-0.4173601269721985,-0.0017669580411165953,-0.8001882433891296,-0.5997462272644043,0.23830875754356384,0.11505341529846191,-0.0464787483215332
0.919495087474895,0.006010046546170627,-0.7858176465565314,-0.8093537092208862,0.32868272066116333,-0.3413282036781311,0.0036433986388146877,-0.7952956557273865,-0.6062107682228088,0.22844281792640686,0.13152313232421875,-0.05656993389129639
0.9113624243880177,0.0127054796209385,-0.7907012931986087,-0.8029446601867676,0.23905272781848907,-0.2689841091632843,0.007784050889313221,-0.7903391718864441,-0.6126200556755066,0.18479716777801514,0.13907885551452637,-0.06248980760574341
0.903409382561771,0.01780061025089302,-0.7943641629497351,-0.7687557935714722,0.21029406785964966,-0.20773248374462128,0.011016850359737873,-0.7854416370391846,-0.6188375949859619,0.1564789116382599,0.13589030504226685,-0.07171416282653809
0.8959076677967671,0.022250227735909817,-0.7970450894386832,-0.7188827991485596,0.2668237090110779,-0.15310606360435486,0.013901025988161564,-0.7807765007019043,-0.6246557235717773,0.1402433216571808,0.13310199975967407,-0.08239078521728516
0.8888422949080497,0.026701155856410308,-0.7987727136337008,-0.6869680285453796,0.3516307473182678,-0.0936022475361824,0.016828035935759544,-0.7763425707817078,-0.6300864815711975,0.12155395746231079,0.13329142332077026,-0.09041827917098999
0.881970933065894,0.0311888918794649,-0.7993329139564187,-0.6795292496681213,0.46326911449432373,-0.01089867576956749,0.01982140727341175,-0.7719931602478027,-0.6353216767311096,0.09835794568061829,0.137029230594635,-0.08297055959701538
0.8752930370927597,0.035748444175303026,-0.7983165538635908,-0.6518608927726746,0.6072747111320496,0.09859932214021683,0.022901715710759163,-0.7677313089370728,-0.6403623819351196,0.08961662650108337,0.1449592113494873,-0.0718415379524231
0.8690774892498495,0.04043689366325011,-0.7954688175613857,-0.5944992303848267,0.7537892460823059,0.22508648037910461,0.026096167042851448,-0.7637337446212769,-0.6450035572052002,0.09330388903617859,0.1526041030883789,-0.06199711561203003
0.8637031448962329,0.044543635064751945,-0.790498128856576,-0.5024451613426208,0.8009570240974426,0.3753332197666168,0.028927160426974297,-0.7602534294128418,-0.6489821672439575,0.10542652010917664,0.15533405542373657,-0.05598914623260498
0.8593444560939166,0.04674091393100651,-0.7830812645975496,-0.41019412875175476,0.7481082081794739,0.5494521856307983,0.03050762601196766,-0.757414698600769,-0.6522210240364075,0.11637352406978607,0.15533345937728882,-0.049118757247924805
0.8560793467068227,0.046316996720870224,-0.7731596287524869,-0.2973882257938385,0.6599975228309631,0.7099137902259827,0.030345477163791656,-0.7552787661552429,-0.6547008156776428,0.10483218729496002,0.1478111743927002,-0.04483836889266968
0.8540772928243813,0.04346611170084717,-0.7612769848392398,-0.16921959817409515,0.5573053359985352,0.816859245300293,0.028544526547193527,-0.7539650797843933,-0.6562939882278442,0.09395305812358856,0.13015532493591309,-0.04673945903778076
0.8533517751671543,0.03872792651697239,-0.7483536231465686,-0.04346965253353119,0.441941499710083,0.8578812479972839,0.025455746799707413,-0.753488302230835,-0.6569682955741882,0.07671712338924408,0.10036641359329224,-0.04508858919143677
0.853615389456636,0.03297971580492181,-0.7355516948127432,0.027600985020399094,0.33557212352752686,0.8090124130249023,0.021672405302524567,-0.753661572933197,-0.6569052338600159,0.03843200206756592,0.0654749870300293,-0.038193583488464355
0.8542138010748203,0.02724518888198938,-0.7240066587604282,0.0404755063354969,0.2580448389053345,0.7016788125038147,0.017892738804221153,-0.7540547847747803,-0.6565676927566528,-0.03002345748245716,0.02560025453567505,-0.028277218341827393
0.8547050817478268,0.022227047286550852,-0.71427324412735,0.023950517177581787,0.20895858108997345,0.5726994276046753,0.014589542523026466,-0.7543773651123047,-0.6562787890434265,-0.08632107079029083,0.007780134677886963,-0.014802694320678711
0.8549738118937441,0.018469143579022115,-0.706463844428513,0.008809113875031471,0.22631946206092834,0.45534512400627136,0.012119470164179802,-0.7545537352561951,-0.6561263203620911,-0.11218658089637756,-0.005166053771972656,-0.00856173038482666
0.8549462477398927,0.016365963768016092,-0.7001818121848805,-0.033935900777578354,0.3037335276603699,0.36997154355049133,0.010739833116531372,-0.7545356154441833,-0.6561712026596069,-0.11601017415523529,-0.012294769287109375,-0.010836243629455566
0.8541860224702418,0.015828972960739856,-0.6949117123074162,-0.13516105711460114,0.38204243779182434,0.3204173147678375,0.010396548546850681,-0.754036545753479,-0.6567501425743103,-0.10902932286262512,-0.01254969835281372,-0.002582073211669922
0.8523105489374467,0.01656560089235102,-0.6901992999260175,-0.24758075177669525,0.4709872603416443,0.29485198855400085,0.010903733782470226,-0.7528033256530762,-0.6581552028656006,-0.10230383276939392,-0.013767719268798828,0.016599416732788086
0.8494115534384572,0.018327048979865476,-0.6857160759650766,-0.3339899480342865,0.5467150211334229,0.2865684926509857,0.012102966196835041,-0.750891923904419,-0.6603142023086548,-0.08555872738361359,-0.016014814376831055,0.025304436683654785
0.8458592871254107,0.020734904849365864,-0.6813678051677318,-0.3799496293067932,0.5752174258232117,0.27068936824798584,0.013748086988925934,-0.7485411763191223,-0.6629457473754883,-0.06663501262664795,-0.02242434024810791,0.01778888702392578
0.8420194736451782,0.023558848967589346,-0.6775044707056004,-0.39030933380126953,0.5617806911468506,0.22331732511520386,0.015687743201851845,-0.7459895014762878,-0.6657727956771851,-0.06575179100036621,-0.026517152786254883,0.0004438161849975586
0.8383091718881941,0.026755055844925095,-0.6744471222877666,-0.34997838735580444,0.5276108980178833,0.16323044896125793,0.01788952946662903,-0.7435134649276733,-0.6684815287590027,-0.07968759536743164,-0.029664456844329834,-0.017828285694122314
0.8352261260097134,0.03023740187440904,-0.672379930533722,-0.2689064145088196,0.4708429276943207,0.0955054759979248,0.02028650790452957,-0.7414482831954956,-0.6707032918930054,-0.08856955170631409,-0.030432820320129395,-0.03373396396636963
0.8329824001004223,0.033756194139638956,-0.6712340081170047,-0.1856663078069687,0.39856016635894775,0.04847286641597748,0.022702530026435852,-0.7399408221244812,-0.6722886562347412,-0.08295944333076477,-0.029865026473999023,-0.04791092872619629
0.8314916865664449,0.036990932499127584,-0.6706047104865561,-0.1194036602973938,0.34285855293273926,0.028136704117059708,0.024917850270867348,-0.738937258720398,-0.6733132600784302,-0.07342550158500671,-0.024795591831207275,-0.051753878593444824
0.8304852159704406,0.04002421907819894,-0.6701757426169784,-0.08490137755870819,0.32470086216926575,0.023798422887921333,0.026989830657839775,-0.7382587194442749,-0.6739773750305176,-0.05747686326503754,-0.021094799041748047,-0.044436872005462646
0.8296284892931951,0.04296564712695452,-0.6697833763477672,-0.09221415221691132,0.3179295063018799,0.024167271330952644,0.028999323025345802,-0.7376806139945984,-0.6745266914367676,-0.04236598312854767,-0.026632070541381836,-0.036136090755462646
0.8285962680315246,0.04577107951838991,-0.6693218568936525,-0.11801143735647202,0.3073068857192993,0.029397644102573395,0.030926372855901718,-0.7369832992553711,-0.6752030253410339,-0.03451216220855713,-0.03289884328842163,-0.02175736427307129
0.8272739500302734,0.04843212944796211,-0.668776544353617,-0.147945374250412,0.30288952589035034,0.031205132603645325,0.03277015686035156,-0.7360888719558716,-0.6760910749435425,-0.02878757193684578,-0.031077206134796143,-0.008448660373687744
0.8257555325568859,0.05099633792588232,-0.6681672471354838,-0.15562522411346436,0.2915387451648712,0.03416465222835541,0.03456062451004982,-0.7350602149963379,-0.6771203875541687,-0.022490888833999634,-0.032960355281829834,-0.002963840961456299
0.8242394852710698,0.05331980823430933,-0.6675559819824943,-0.14585861563682556,0.2554135024547577,0.032039981335401535,0.03619315102696419,-0.7340314984321594,-0.6781502962112427,-0.0209953635931015,-0.0367661714553833,-0.005260348320007324
0.8229115778041406,0.055166894570552204,-0.667034393490533,-0.11814938485622406,0.18593564629554749,0.02427780255675316,0.03749940171837807,-0.73312908411026,-0.6790549159049988,-0.02285093069076538,-0.03469318151473999,-0.010016679763793945
0.8219696400635252,0.056381228121904006,-0.6666492528601097,-0.06629843264818192,0.11348140984773636,0.016551174223423004,0.03836286813020706,-0.7324881553649902,-0.6796980500221252,-0.025255531072616577,-0.030817508697509766,-0.01692676544189453
0.8217027008656657,0.05710434955765587,-0.6665028438985894,0.01611049845814705,0.05386357754468918,-0.00039072753861546516,0.03886551782488823,-0.7323063611984253,-0.6798652410507202,-0.029954347759485245,-0.027260780334472656,-0.03171306848526001
0.8223775761361255,0.057496483528132795,-0.6667536854450716,0.11947603523731232,-0.015368224121630192,-0.029196277260780334,0.03910370543599129,-0.732765793800354,-0.6793564558029175,-0.032221972942352295,-0.024955153465270996,-0.05013573169708252
0.8239413465568297,0.057558857153332435,-0.6675470098796652,0.19681987166404724,-0.08812446892261505,-0.061183247715234756,0.03908011317253113,-0.7338290214538574,-0.6782091856002808,-0.034365102648735046,-0.024136066436767578,-0.06017887592315674
0.8261302060426606,0.0573386331077348,-0.6687915123359194,0.24774695932865143,-0.132546529173851,-0.07800004631280899,0.03883861377835274,-0.7353142499923706,-0.6766126155853271,-0.02896614372730255,-0.024939656257629395,-0.05600762367248535
0.8287520994878258,0.057000079875878726,-0.6701834421229865,0.2812332808971405,-0.13779644668102264,-0.07715485244989395,0.03849957138299942,-0.7370886206626892,-0.6746984720230103,-0.017945948988199234,-0.02200549840927124,-0.04327327013015747
0.8314205016392917,0.056632432011452294,-0.6715117035537003,0.25277793407440186,-0.13368453085422516,-0.07106713205575943,0.038140058517456055,-0.7388892769813538,-0.6727465391159058,-0.002770155668258667,-0.016191840171813965,-0.02863895893096924
0.8335673649673897,0.05625489025707267,-0.6726499170792316,0.18180957436561584,-0.10579131543636322,-0.05520607903599739,0.03779678791761398,-0.7403342127799988,-0.6711755990982056,0.0051414817571640015,-0.01821070909500122,-0.010526061058044434
0.8350121876078201,0.05613896435165328,-0.6734277137099208,0.11608702689409256,-0.026403550058603287,-0.030988361686468124,0.037658922374248505,-0.7413046956062317,-0.6701112389564514,0.012985020875930786,-0.021756768226623535,0.0029512643814086914
0.8358740585803979,0.05645850080434867,-0.6735755103276472,0.07857390493154526,0.08567751199007034,0.0035386718809604645,0.03783697634935379,-0.741882860660553,-0.6694610118865967,0.023839082568883896,-0.02244502305984497,0.002957165241241455
0.8364572500714528,0.05728055953909744,-0.673170654148074,0.06376512348651886,0.14471472799777985,0.03431123122572899,0.0383625291287899,-0.7422738075256348,-0.6689977645874023,0.027952194213867188,-0.015828609466552734,-0.0016565322875976562
0.836790699513381,0.05791145846150743,-0.6723359037484183,0.03616119548678398,0.12312768399715424,0.05379891395568848,0.03877025842666626,-0.7424972057342529,-0.6687262058258057,0.026979904621839523,-0.005305469036102295,-0.0022789835929870605
0.836962358311056,0.05804979660286552,-0.6712985599559429,0.03206312283873558,0.08609376102685928,0.06019315868616104,0.03885537385940552,-0.7426121830940247,-0.6685935258865356,0.01827356219291687,-0.005709290504455566,0.0066214799880981445
0.8373103654041665,0.05803295148843203,-0.6703931009803025,0.06111777573823929,0.06495814025402069,0.045712459832429886,0.038829121738672256,-0.7428451776504517,-0.6683362126350403,0.02074122428894043,-0.011549293994903564,0.0019391179084777832
0.8380793151896448,0.0584404854505856,-0.6699892229158232,0.10870233923196793,0.08177360892295837,0.009725695475935936,0.039068110287189484,-0.7433597445487976,-0.66774982213974,0.021738197654485703,-0.022127807140350342,-0.015370845794677734
0.8393360522468645,0.05957807157500237,-0.670405317818595,0.14159554243087769,0.07380590587854385,-0.04435811936855316,0.03977205604314804,-0.744199812412262,-0.6667719483375549,0.002677932381629944,-0.024095475673675537,-0.021719813346862793
0.8409175129677474,0.06120924021902536,-0.6716888542751139,0.1686583161354065,0.05285481736063957,-0.09531371295452118,0.04078757390379906,-0.7452552318572998,-0.6655306220054626,-0.018677562475204468,-0.018721818923950195,-0.015713214874267578
0.8427829728997825,0.06322190485663527,-0.6737015980717458,0.20842573046684265,0.0319296196103096,-0.12823057174682617,0.042039066553115845,-0.7464977502822876,-0.6640585064888,-0.02049361541867256,-0.01812005043029785,-0.010547757148742676
0.8450258165757741,0.06543499261060243,-0.6762014180740482,0.2548805773258209,0.016009241342544556,-0.14705485105514526,0.04339899867773056,-0.747988224029541,-0.6622915267944336,-0.0077086687088012695,-0.01571410894393921,-0.009888648986816406
0.8475948943545702,0.06776651051160981,-0.6789745753531795,0.28756195306777954,0.012639015913009644,-0.15631665289402008,0.044812750071287155,-0.7496908903121948,-0.6602690815925598,0.010973408818244934,-0.0112343430519104,-0.011407554149627686
0.8503097328087759,0.06996189089221871,-0.6817785622897563,0.2770936191082001,-0.01782381720840931,-0.15531025826931,0.04611973837018013,-0.7514848113059998,-0.6581363677978516,0.010047897696495056,-0.005702018737792969,-0.0049343109130859375
0.8527560701446228,0.07182605475787956,-0.6845472722918643,0.24504563212394714,-0.037359073758125305,-0.14395354688167572,0.047214459627866745,-0.7530965209007263,-0.656213641166687,0.01168450340628624,0.0027914047241210938,0.017908036708831787
0.8542544266594668,0.07367940691303143,-0.6869113795091382,0.10102055221796036,-0.011947986669838428,-0.10543439537286758,0.04834745451807976,-0.7540814280509949,-0.6549990177154541,0.03585056960582733,-0.00034356117248535156,0.0355226993560791
0.8542290229593267,0.07307129497027605,-0.6879153902649835,-0.07069622725248337,-0.2601928412914276,-0.02695995569229126,0.04795053228735924,-0.7540647387504578,-0.6550473570823669,0.05742669105529785,-0.008676290512084961,0.12649822235107422
0.8530775427957298,0.06961018995167566,-0.6874849417352371,-0.14256401360034943,-0.3284861445426941,0.04950365796685219,0.0457434207201004,-0.7533079981803894,-0.656075119972229,0.08014161884784698,-0.0038025975227355957,0.1451650857925415
0.8517466029806108,0.06541541340569894,-0.6864970056002717,-0.11333758383989334,-0.3528718948364258,0.04476363584399223,0.04305644705891609,-0.7524319887161255,-0.6572611927986145,0.060993269085884094,0.009740948677062988,0.069111168384552
0.8512556081654952,0.061766107533622897,-0.686244169508462,0.02683177962899208,-0.319118469953537,-0.027017608284950256,0.0406804122030735,-0.7521085143089294,-0.6577825546264648,0.006759196519851685,0.012789666652679443,-0.0014886856079101562
0.8524106561945761,0.06008367040406593,-0.6874902071515435,0.21146579086780548,-0.204752117395401,-0.1189124658703804,0.039521485567092896,-0.752869188785553,-0.6569824814796448,-0.03839230537414551,0.016144394874572754,-0.09677118062973022
0.8551420107653229,0.06079936830321268,-0.6902819849764638,0.3429548442363739,-0.07530544698238373,-0.20640023052692413,0.039866577833890915,-0.7546641230583191,-0.654899001121521,-0.06768330931663513,0.010981261730194092,-0.155434250831604
0.8585192030368743,0.06374792264812422,-0.6943077750534514,0.34581008553504944,0.04684199392795563,-0.2617799639701843,0.04163480922579765,-0.7568756341934204,-0.6522313952445984,-0.08161279559135437,0.01432192325592041,-0.1523035168647766
0.8614501231257992,0.0678619817569077,-0.6985887147168561,0.2703899145126343,0.12017213553190231,-0.24611099064350128,0.044167157262563705,-0.7587878704071045,-0.6498386263847351,-0.07358606159687042,0.01826345920562744,-0.09216558933258057
0.8634711023167141,0.0717986639866505,-0.7020629458272728,0.16136324405670166,0.13056647777557373,-0.1718635857105255,0.046614907681941986,-0.7601026892662048,-0.6481287479400635,-0.039962038397789,0.02125692367553711,-0.028949499130249023
0.8643979625746125,0.07439048551659974,-0.7040858125904305,0.040983572602272034,0.07037823647260666,-0.07615409046411514,0.048242200165987015,-0.7607046365737915,-0.6473028659820557,0.006414812058210373,0.02459019422531128,0.01807624101638794
0.8643074255624075,0.07490936130069646,-0.7044982238072702,-0.04783177375793457,-0.03193330019712448,0.021207964047789574,0.048583220690488815,-0.760645866394043,-0.6473464965820312,0.041855648159980774,0.018900930881500244,0.04941558837890625
0.8637191857497595,0.07336440801654394,-0.7034261938938029,-0.07491158694028854,-0.10923155397176743,0.10304291546344757,0.04761582985520363,-0.7602638602256775,-0.6478669047355652,0.06272050738334656,0.012461185455322266,0.04245924949645996
0.8630981085255235,0.07052451116320753,-0.7013262082143964,-0.05944628641009331,-0.13115227222442627,0.15740467607975006,0.04580903425812721,-0.7598602175712585,-0.6484704613685608,0.06419160962104797,0.00784611701965332,0.012041628360748291
0.8628514833053729,0.06721176631344987,-0.6986183990359015,-0.007873641327023506,-0.11466890573501587,0.1875913441181183,0.04367314651608467,-0.7596998810768127,-0.6488054990768433,0.04781858250498772,0.007792651653289795,-0.015485823154449463
0.8632061321793812,0.06396415747609456,-0.6957562030011756,0.05427601560950279,-0.10064363479614258,0.18061545491218567,0.041548632085323334,-0.7599304914474487,-0.6486750245094299,0.02978624403476715,0.01498115062713623,-0.03415572643280029
0.8640212371802686,0.06115700985851597,-0.6932941691130848,0.08599480241537094,-0.08579038083553314,0.14655070006847382,0.03968967869877815,-0.7604600191116333,-0.6481707096099854,0.006452932953834534,0.0130845308303833,-0.04906439781188965
0.8650699159202047,0.05905374335709179,-0.6913809236438135,0.1050574779510498,-0.03888832777738571,0.11382503807544708,0.0382792204618454,-0.7611405849456787,-0.647456169128418,-0.02193703129887581,0.0014818906784057617,-0.049733102321624756
0.8662403387219757,0.05788386813550283,-0.689904626021883,0.11750269681215286,0.028063803911209106,0.08763737976551056,0.03747019171714783,-0.7618992328643799,-0.6466107964515686,-0.027460400015115738,-0.007967650890350342,-0.041179120540618896
0.8675713943029462,0.05774770952067617,-0.6889178832984997,0.1287594884634018,0.07562492787837982,0.07501012831926346,0.037323590368032455,-0.7627606391906738,-0.6456029415130615,-0.025162294507026672,-0.013591229915618896,-0.030056238174438477
0.8689720591276061,0.05814628357125489,-0.6881452670139766,0.13194596767425537,0.09977607429027557,0.06660599261522293,0.03751877695322037,-0.7636656761169434,-0.6445206999778748,-0.021634340286254883,-0.009252965450286865,-0.015757620334625244
0.8702144012368959,0.058728313023247374,-0.6874636495249378,0.10864951461553574,0.09184485673904419,0.06014309078454971,0.03783819079399109,-0.764467179775238,-0.643551230430603,-0.018901988863945007,-0.0010051727294921875,0.0005000829696655273
0.8710563164605457,0.059100716950589945,-0.6868741316151122,0.07414612919092178,0.04961644113063812,0.050052110105752945,0.03803981468081474,-0.7650096416473389,-0.6428943276405334,-0.01856955885887146,-0.0009357333183288574,0.017055153846740723
0.8714765005369106,0.05917047359180669,-0.6864140022224543,0.04665196314454079,0.01971586048603058,0.03978170454502106,0.038065653294324875,-0.7652801871299744,-0.6425707936286926,-0.012736022472381592,-0.007455348968505859,0.026466667652130127
0.8715599148912915,0.05890693825168261,-0.6858980343472276,0.02922476828098297,0.00275578536093235,0.03553369641304016,0.03789254650473595,-0.765333890914917,-0.6425169706344604,-0.001683402806520462,-0.014558017253875732,0.024871766567230225
0.8715222259052597,0.058328659774174826,-0.6852328219708543,0.01327567733824253,0.0035948371514678,0.023601293563842773,0.03752267733216286,-0.7653096318244934,-0.6425676941871643,0.007185608148574829,-0.015818297863006592,0.021260380744934082
0.8713564226839705,0.057994818236473206,-0.6848998871703577,-0.00990154780447483,0.0037178760394454002,-0.011442710645496845,0.03731550648808479,-0.7652028799057007,-0.6427067518234253,-0.0009080059826374054,-0.011621952056884766,0.01994985342025757
0.8710966055420817,0.05806405593792091,-0.6851695827229791,-0.012094089761376381,-0.006955176126211882,-0.049416735768318176,0.03737154230475426,-0.7650355696678162,-0.642902672290802,-0.023608077317476273,-0.011850297451019287,0.016804039478302002
0.8709470123712416,0.058373700001467015,-0.6858760043218124,0.0066026318818330765,-0.01983262598514557,-0.07326241582632065,0.03757728636264801,-0.7649392485618591,-0.6430052518844604,-0.02659093216061592,-0.008742272853851318,0.005020081996917725
0.8710716408700918,0.05858864074607721,-0.6868926034767243,0.02379559352993965,-0.07282043248414993,-0.08068681508302689,0.03770991414785385,-0.7650195360183716,-0.6429020166397095,-0.00932854413986206,-0.006144404411315918,-0.004116415977478027
0.8714296728666826,0.058274707276309935,-0.6879043089123892,0.025304807350039482,-0.11568773537874222,-0.06826556473970413,0.03749213367700577,-0.765250027179718,-0.6426404118537903,0.004240691661834717,-0.004616856575012207,-0.008162200450897217
0.8719621136991463,0.05773991982596104,-0.6887102471816422,0.03440646827220917,-0.09229274839162827,-0.049146123230457306,0.03712493181228638,-0.7655926942825317,-0.6422535181045532,0.01104709506034851,0.0019513368606567383,-0.012318015098571777
0.8727342632140345,0.05746781502112343,-0.6893617634895896,0.054382842034101486,-0.06452157348394394,-0.02901369519531727,0.036916207522153854,-0.7660892009735107,-0.6416732668876648,0.012415498495101929,0.008185148239135742,-0.02028357982635498
0.873846545634424,0.057388885382648025,-0.6898710384148524,0.08897370100021362,-0.05013606697320938,-0.006954506039619446,0.036816660314798355,-0.7668036222457886,-0.6408250331878662,0.011324852705001831,0.01492685079574585,-0.02837967872619629
0.8751820534132855,0.05695356261308438,-0.6899228578315733,0.0996101051568985,-0.04361718147993088,0.011985629796981812,0.036479365080595016,-0.7676602005958557,-0.639818012714386,0.020680084824562073,0.022039473056793213,-0.027647197246551514
0.8763982269010767,0.05617318718813671,-0.6893742719698628,0.07410980015993118,0.026949819177389145,0.005021199118345976,0.035927608609199524,-0.768438994884491,-0.6389135718345642,0.026023101061582565,0.014609158039093018,-0.017397403717041016
0.8771375708447926,0.05624499332272301,-0.6891759858031912,0.06282865256071091,0.06850285083055496,-0.04325232282280922,0.03594154119491577,-0.7689118981361389,-0.6383436322212219,0.00511990487575531,-0.006768584251403809,-0.010429561138153076
0.8777579880133021,0.057558386827967184,-0.6902218180645511,0.08900753408670425,0.04059016332030296,-0.09750588983297348,0.03675245866179466,-0.7693084478378296,-0.6378195285797119,-0.02533884346485138,-0.01120913028717041,-0.009000539779663086
0.8785548469598169,0.05914991457303358,-0.6921070105414809,0.11314376443624496,-0.02556435391306877,-0.1164204552769661,0.03773126378655434,-0.7698172926902771,-0.6371480226516724,-0.01812368631362915,-0.004093170166015625,-0.014905810356140137
0.8793193325226845,0.060257898075252676,-0.6942222733978605,0.11166274547576904,-0.09814257174730301,-0.11716080456972122,0.03840174525976181,-0.7703050374984741,-0.6365182995796204,0.013203516602516174,-0.002720475196838379,-0.013048410415649414
0.8798106737692809,0.06093042633173385,-0.6963913851095149,0.09149302542209625,-0.11408212035894394,-0.12493963539600372,0.03880676254630089,-0.7706182599067688,-0.6361144781112671,0.030178263783454895,-0.004467189311981201,-0.00797426700592041
0.8798951993344325,0.06163881191052969,-0.6986552956459505,0.06603299826383591,-0.1068817600607872,-0.1361607164144516,0.039253342896699905,-0.770672082901001,-0.6360216736793518,0.01659385859966278,-0.007449805736541748,-0.006083428859710693
0.8796872128016738,0.0626402907653623,-0.701191345724431,0.0432422012090683,-0.11798128485679626,-0.14252300560474396,0.03990032151341438,-0.7705395221710205,-0.6361420154571533,0.004334941506385803,-0.008589386940002441,-0.00648188591003418
0.8795948119097278,0.06384708691321916,-0.7039526003841677,0.04703999683260918,-0.10341228544712067,-0.1510600745677948,0.040672533214092255,-0.7704806327819824,-0.6361645460128784,-0.004020899534225464,-0.007168233394622803,-0.013447880744934082
0.8799697305552792,0.06480534441089449,-0.7063812907487902,0.07139300554990768,-0.07735751569271088,-0.15189097821712494,0.0412634052336216,-0.770719587802887,-0.6358368396759033,-0.002292424440383911,-0.008958697319030762,-0.02819514274597168
0.8807432999032324,0.06541898092458943,-0.7083879144668678,0.1050640121102333,-0.058729857206344604,-0.15020735561847687,0.0416145883500576,-0.7712122797966003,-0.6352163553237915,-0.0018806904554367065,-0.008923768997192383,-0.044928908348083496
0.8817268033803176,0.06639303506173971,-0.710464596029564,0.13106311857700348,-0.030631911009550095,-0.1378052830696106,0.04218296334147453,-0.7718379497528076,-0.6344184279441833,-0.00212860107421875,-0.005154788494110107,-0.05100637674331665
0.8829425759333337,0.06802533468865335,-0.7126423912470322,0.1490136981010437,0.01427292637526989,-0.10614849627017975,0.04315464571118355,-0.7726104259490967,-0.6334119439125061,0.007001008838415146,-0.003787219524383545,-0.04944932460784912
0.8843802668962574,0.06994805273331076,-0.7144936799545478,0.16400942206382751,0.05656339228153229,-0.07557221502065659,0.04429476708173752,-0.7735223770141602,-0.6322191953659058,0.015885934233665466,0.00022226572036743164,-0.05024540424346924
0.8859839029101985,0.07194699730061836,-0.7158905638074383,0.17922845482826233,0.1209927499294281,-0.0658637061715126,0.045469220727682114,-0.7745376825332642,-0.6308913230895996,0.01761065423488617,0.0041367411613464355,-0.05030679702758789
0.8878475604156107,0.07448273577453053,-0.7171878023493259,0.21001459658145905,0.1798563301563263,-0.07600342482328415,0.04696134477853775,-0.775715172290802,-0.6293333768844604,0.016942501068115234,-0.0031696557998657227,-0.05465710163116455
0.8899114869776074,0.07774724972732995,-0.718823594440367,0.22962675988674164,0.22085684537887573,-0.1118822693824768,0.0488911047577858,-0.7770160436630249,-0.6275791525840759,0.004240032285451889,-0.010123789310455322,-0.05476325750350952
